0,1,2,3,4,5,6,7,8,9,10,11,12,13,14,15,16,17,18,,,,,
5047260029,2,0,4,0,1,0,3,1,2,0,2,1,2,0,3,0,3,0,,,,,
5047190034,0,0,2,1,4,0,3,0,0,0,0,1,0,1,2,1,0,0,,,,,
5046880034,2,0,4,1,0,0,1,1,2,1,3,1,0,1,3,1,4,0,,,,,
5047200042,2,0,1,1,3,0,0,0,0,0,0,0,1,1,5,0,2,1,,,,,
5046900118,4,1,2,0,1,0,2,0,0,0,4,0,2,1,2,0,1,0,,,,,
5046930018,2,1,2,1,1,1,5,0,1,0,4,0,2,1,4,0,5,1,,,,,
5046910037,3,1,1,1,0,0,4,1,1,1,1,0,3,0,2,1,1,0,,,,,
5046900139,2,0,0,1,3,1,0,0,4,1,1,1,1,0,4,1,1,0,,,,,
5046900137,2,0,3,1,0,1,2,0,0,1,4,0,2,1,2,1,0,1,,,,,
5046940018,4,0,4,0,5,0,1,0,5,1,2,0,5,0,3,1,1,1,,,,,
5047920061,2,1,5,0,2,1,2,1,1,0,5,1,2,0,5,1,5,0,,,,,
5047200005,1,0,3,0,1,1,1,1,4,0,4,1,4,1,0,0,4,1,,,,,
5046760073,1,1,1,0,1,1,3,0,2,1,4,0,2,1,5,0,5,1,,,,,
5047180043,2,1,4,1,4,1,1,0,5,1,2,1,2,1,1,1,3,1,,,,,
5041600044,3,0,0,0,1,1,2,0,5,1,5,0,4,1,3,1,5,0,,,,,
5041600349,5,1,2,0,3,1,0,0,2,1,3,1,5,0,0,0,1,1,,,,,
5047680071,1,0,4,1,2,0,2,1,4,0,1,0,0,1,2,0,3,0,,,,,
5046840029,2,0,5,0,3,0,5,0,5,1,3,0,4,1,4,1,3,0,,,,,
5047930055,3,1,5,1,1,1,4,0,5,0,3,0,5,0,0,1,3,0,,,,,
5046900039,1,0,1,1,2,0,3,0,0,0,5,0,2,0,4,1,5,0,,,,,
5047190006,4,1,4,0,0,1,4,1,3,1,3,0,1,0,4,1,3,1,,,,,
5047460014,3,0,3,0,5,1,3,0,1,1,4,1,4,1,3,0,2,1,,,,,
5046680018,4,0,1,0,2,1,4,1,0,0,4,1,1,1,2,1,1,0,,,,,
5047730001,1,0,4,0,1,1,0,1,0,1,0,1,0,0,0,0,2,1,,,,,
5041600045,5,1,0,1,3,0,4,1,4,1,4,0,0,1,1,0,3,1,,,,,
5046680127,5,0,0,1,5,0,3,0,0,0,0,1,2,0,3,0,2,1,,,,,
5047760001,2,0,2,1,5,1,5,1,3,1,2,0,4,0,2,0,2,1,,,,,
5046730001,5,1,3,1,4,1,1,0,3,0,5,0,0,0,3,0,5,1,,,,,
5046720026,2,1,4,0,3,1,4,1,3,1,2,1,1,0,0,0,2,1,,,,,
5047460019,5,1,5,0,1,1,4,1,2,1,1,1,4,0,4,1,5,1,,,,,
5046760057,0,0,3,1,5,1,1,1,1,1,4,0,0,1,5,1,4,0,,,,,
5047460026,2,0,1,1,3,1,4,0,3,0,2,1,2,1,1,0,1,0,,,,,
5047460098,5,0,1,0,0,0,1,0,1,0,4,0,1,1,0,0,1,0,,,,,
5047260001,1,0,1,1,0,0,4,0,3,0,2,0,4,1,1,1,0,0,,,,,
5047260018,1,0,5,0,4,1,2,0,1,0,2,0,0,1,0,1,5,1,,,,,
5047670048,1,0,3,1,2,1,0,1,4,1,0,0,1,0,3,1,0,1,,,,,
5047170067,5,1,3,1,1,1,0,0,5,1,0,1,0,1,2,1,0,1,,,,,
5047250004,2,0,5,1,4,0,2,0,2,0,0,0,3,1,5,0,2,0,,,,,
5047250040,1,1,0,1,3,0,3,0,1,0,5,0,3,1,1,0,1,1,,,,,
5048030025,5,1,1,1,2,0,4,1,0,1,5,1,1,1,3,0,1,1,,,,,
5047460054,1,1,1,0,3,1,4,0,1,1,2,0,2,0,2,0,5,0,,,,,
5047190052,2,0,4,0,1,1,3,1,2,1,2,1,2,0,2,0,0,0,,,,,
5040300007,5,0,3,0,3,1,4,1,1,1,1,1,0,0,4,1,2,1,,,,,
5047360001,3,0,1,1,3,1,2,1,5,1,1,1,2,0,0,1,4,0,,,,,
5047400041,4,0,5,0,0,0,5,1,4,0,2,1,0,0,1,1,4,0,,,,,
5040300026,2,0,1,0,0,1,0,1,5,1,2,0,4,0,1,0,5,0,,,,,
5047250033,1,0,4,0,0,0,5,0,1,1,2,0,4,1,3,1,0,0,,,,,
5047370013,4,0,4,0,1,1,2,0,5,0,0,1,2,0,0,0,5,1,,,,,
5047230014,1,0,0,1,5,1,3,0,1,1,0,1,5,0,4,1,0,1,,,,,
5047190022,5,0,4,1,5,1,1,0,4,1,0,1,1,0,3,1,4,1,,,,,
5046800049,4,0,0,0,1,1,5,1,4,0,0,0,2,0,1,0,3,0,,,,,
5047930131,0,1,3,1,1,0,1,1,5,0,2,1,4,0,2,1,2,0,,,,,
5048020093,0,0,2,0,2,0,2,0,2,1,2,0,3,0,3,0,3,0,,,,,
5046800046,4,0,3,1,3,0,3,0,1,1,1,0,3,0,0,0,4,1,,,,,
5047260043,0,0,2,0,0,0,1,1,0,1,4,0,2,1,4,0,0,1,,,,,
5046820034,4,0,3,0,1,1,5,0,1,0,1,0,1,0,5,1,3,0,,,,,
5046800010,4,0,1,0,1,1,5,0,5,0,1,1,3,1,0,0,3,1,,,,,
5046900115,3,1,5,1,5,0,2,0,1,0,3,0,1,0,0,0,3,1,,,,,
5046810004,0,1,0,0,4,1,3,0,4,1,3,0,2,1,0,0,1,1,,,,,
5046760029,2,0,2,0,4,1,0,0,2,1,3,0,4,0,3,0,5,0,,,,,
5046900033,1,1,0,0,4,1,5,1,3,1,3,1,4,1,5,1,5,0,,,,,
5046900024,0,1,0,0,2,1,2,1,0,0,0,1,3,1,4,0,0,0,,,,,
5047920066,2,1,2,1,0,1,0,1,5,0,1,1,5,0,5,0,2,1,,,,,
5047460066,5,0,3,0,0,1,2,1,5,0,0,0,4,0,1,0,1,0,,,,,
5047250003,1,0,2,0,0,0,0,0,0,1,3,1,4,1,2,1,0,1,,,,,
5047220055,5,0,4,0,0,1,4,1,0,1,5,0,0,1,0,0,5,0,,,,,
5047460005,4,1,4,1,4,0,3,0,1,1,2,1,4,0,3,0,3,1,,,,,
5047200034,3,1,5,0,3,0,5,0,4,1,1,0,3,1,0,0,4,0,,,,,
5047180066,4,0,4,1,5,0,5,1,2,0,1,1,1,1,3,1,2,0,,,,,
5047230042,2,1,5,1,3,0,1,1,2,1,2,0,3,0,2,1,4,1,,,,,
5047460027,0,0,1,1,4,1,1,1,3,0,3,1,0,1,2,0,1,0,,,,,
5047680078,5,0,5,0,5,1,2,1,4,0,1,1,2,1,4,0,1,0,,,,,
5047680085,5,0,3,0,5,1,4,1,1,1,0,1,2,0,4,1,0,0,,,,,
5046680016,4,0,2,1,1,0,3,1,4,1,4,1,1,1,3,0,2,1,,,,,
5047810042,1,0,4,0,1,0,5,0,3,0,0,1,0,1,2,1,0,1,,,,,
5047170069,3,1,4,1,1,0,1,1,0,0,1,1,3,1,0,1,4,0,,,,,
5046830005,3,0,0,0,2,0,2,1,2,1,3,1,4,0,3,1,0,0,,,,,
5047180036,3,1,0,0,1,0,2,0,2,0,5,1,4,0,5,1,4,1,,,,,
5047220057,1,1,2,0,2,1,1,0,0,1,1,0,4,0,3,1,2,1,,,,,
5047220072,0,1,5,1,2,0,2,0,2,0,3,1,0,0,3,1,5,1,,,,,
5047460041,3,0,3,1,4,1,4,0,0,0,0,0,5,1,3,1,4,1,,,,,
5047620003,3,1,0,1,1,0,0,1,5,1,2,0,5,1,4,0,5,0,,,,,
5047260045,5,0,1,0,0,1,0,1,1,1,4,0,1,1,2,0,3,0,,,,,
5047670017,4,1,4,0,1,0,0,0,4,1,2,0,1,0,4,0,0,1,,,,,
5047460007,2,1,1,0,0,0,5,1,5,0,5,1,5,0,2,1,4,1,,,,,
5047180038,4,1,4,1,5,0,0,0,4,1,4,1,1,1,4,1,0,1,,,,,
5046810006,3,0,0,1,3,0,5,0,3,0,4,1,0,0,5,0,2,1,,,,,
5046790032,4,1,5,0,2,0,5,1,0,1,2,0,3,1,2,1,0,1,,,,,
5047180064,0,0,3,1,4,0,3,1,5,0,5,0,4,0,2,1,2,0,,,,,
5046840017,3,0,5,1,2,0,1,1,5,0,0,0,5,1,2,0,5,1,,,,,
5046760017,2,1,1,1,4,0,3,1,4,1,3,0,4,0,0,1,3,1,,,,,
5047190040,0,0,0,0,4,0,4,1,5,0,3,1,2,0,2,0,2,0,,,,,
5047170063,1,1,4,1,2,1,5,1,0,1,1,0,0,0,4,1,1,0,,,,,
5047260036,2,1,0,0,5,1,2,1,5,0,0,0,2,1,1,1,3,1,,,,,
5047230035,4,1,3,1,0,0,4,0,3,0,0,0,1,1,4,1,3,0,,,,,
5047370014,1,0,1,0,4,1,5,1,3,1,1,1,3,0,5,0,1,0,,,,,
5047170047,0,1,1,0,3,0,0,0,1,1,0,0,0,0,0,0,0,0,,,,,
5047240021,4,1,3,1,5,0,2,0,0,0,4,0,3,0,3,0,4,0,,,,,
5047280020,4,1,1,1,4,0,5,0,0,1,3,1,1,0,3,1,3,1,,,,,
5047230011,5,1,3,0,2,1,3,0,5,1,4,1,1,1,5,0,2,1,,,,,
5047240046,3,1,4,0,1,0,0,0,4,0,2,0,1,1,1,1,4,1,,,,,
5047930100,2,1,5,0,3,1,2,0,5,0,2,0,5,1,1,1,1,0,,,,,
5047930031,3,0,3,0,4,0,4,0,0,1,4,0,2,1,0,1,2,1,,,,,
5047670067,0,0,0,1,1,0,2,1,3,0,3,0,4,1,4,0,0,1,,,,,
5046740021,1,1,5,0,5,1,5,1,2,1,0,0,2,0,5,0,4,1,,,,,
5046740032,1,0,4,1,1,0,5,0,5,1,1,1,5,1,4,0,3,1,,,,,
5047230040,2,1,5,1,0,1,3,0,5,0,0,1,5,0,0,0,5,0,,,,,
5047360012,2,0,1,0,3,0,1,0,4,1,0,0,1,0,3,0,4,0,,,,,
5046680014,1,0,3,1,3,0,1,1,5,1,2,0,4,1,0,1,2,1,,,,,
5047930036,2,0,2,1,4,1,3,0,4,0,0,1,4,1,0,0,4,1,,,,,
5046730035,1,0,4,1,2,1,0,1,4,1,1,1,2,0,4,0,5,1,,,,,
5046740010,5,0,2,0,3,0,4,1,2,0,5,1,2,1,5,0,0,0,,,,,
5047920082,3,1,1,0,1,1,5,1,3,0,0,0,0,1,0,0,2,0,,,,,
5047880011,4,1,4,1,5,1,0,1,0,0,1,1,3,1,0,1,0,1,,,,,
5047930041,3,0,3,0,3,1,3,1,3,0,5,1,5,1,5,0,2,0,,,,,
5047280003,0,0,5,1,5,0,2,1,5,0,4,1,5,1,5,0,3,1,,,,,
5047280021,2,0,3,1,2,1,3,0,1,0,2,0,4,1,4,0,0,1,,,,,
5047910087,1,0,3,0,3,1,5,1,4,1,5,0,4,0,5,0,3,1,,,,,
5047670080,0,1,2,1,1,1,4,0,0,0,1,1,5,1,1,1,5,0,,,,,
5047930102,2,0,4,0,1,1,4,0,3,0,4,1,3,1,5,0,3,1,,,,,
5047190062,4,0,4,1,4,1,1,0,3,1,0,0,0,1,3,0,2,1,,,,,
5047810013,3,0,2,0,5,0,0,1,1,1,4,1,4,1,4,1,4,1,,,,,
5047230039,3,1,3,1,2,1,1,0,4,1,3,1,1,0,2,1,0,1,,,,,
5047280019,2,0,2,0,4,0,4,1,5,0,1,1,3,0,1,1,1,0,,,,,
5041600337,0,0,3,0,4,1,4,0,3,0,1,0,4,0,1,1,0,1,,,,,
5046740025,0,1,5,1,4,0,1,0,0,1,3,1,2,1,5,1,2,1,,,,,
5046730029,3,0,3,0,3,0,3,1,2,0,1,0,5,0,4,0,5,0,,,,,
5046680023,4,1,5,0,3,0,0,1,4,0,1,0,0,1,5,1,5,1,,,,,
5046820017,3,0,3,1,5,0,0,0,1,1,4,0,0,1,4,1,0,1,,,,,
5047190004,2,1,3,1,2,0,3,0,3,1,4,1,4,1,1,0,2,1,,,,,
5047280009,0,1,4,0,5,1,3,0,2,0,0,1,0,0,5,0,3,0,,,,,
5046740007,4,1,0,1,0,0,1,1,4,0,5,0,2,0,5,0,2,0,,,,,
5041600011,4,0,3,0,1,0,2,1,4,1,3,0,2,1,1,0,0,1,,,,,
5047460081,1,1,2,1,2,0,5,0,2,1,1,0,4,1,4,0,0,1,,,,,
5047810043,0,1,3,1,0,0,1,0,1,1,3,1,0,0,0,0,2,1,,,,,
5041600352,1,0,3,1,2,1,4,0,2,1,0,1,1,1,1,0,1,1,,,,,
5047810006,1,1,5,0,5,1,3,1,0,0,0,0,3,0,0,0,3,1,,,,,
5046810002,0,1,5,1,4,0,1,0,0,1,3,0,4,1,0,1,3,1,,,,,
5047260038,5,0,1,1,0,1,5,0,0,1,4,1,1,0,4,1,1,1,,,,,
5041600321,2,0,3,1,2,1,3,1,0,0,5,1,1,1,4,0,3,0,,,,,
5040290015,4,0,0,1,4,0,1,0,1,1,0,0,0,0,2,1,2,0,,,,,
5046840035,2,0,0,1,4,0,0,1,2,0,1,0,5,1,0,1,0,1,,,,,
5046820026,1,1,3,1,3,1,4,1,4,0,5,0,1,0,2,1,0,0,,,,,
5046810017,3,1,3,1,5,1,2,0,0,0,1,0,2,1,2,0,5,0,,,,,
5047920109,0,1,2,0,0,0,1,0,3,1,1,1,2,0,3,0,2,1,,,,,
5047680065,2,0,0,0,3,1,0,0,2,0,5,1,5,1,0,0,2,1,,,,,
5046740019,1,1,0,0,5,1,2,1,1,0,1,0,0,0,2,0,1,1,,,,,
5047920104,1,0,5,0,1,1,4,1,0,1,2,0,5,1,5,1,0,1,,,,,
5047460023,0,0,3,1,1,1,5,0,1,0,2,1,1,0,1,0,0,1,,,,,
5047460078,2,1,2,0,0,1,0,1,2,1,1,1,4,0,4,1,2,1,,,,,
5046730038,5,1,1,1,1,0,1,0,4,1,4,0,3,0,5,0,0,1,,,,,
5047810041,3,0,3,0,2,1,4,1,4,1,1,1,4,0,2,0,2,1,,,,,
5047460024,1,0,3,0,2,0,1,1,0,1,0,1,2,0,4,1,4,1,,,,,
5047580016,1,1,5,1,1,0,2,0,0,0,3,1,2,0,2,0,5,1,,,,,
5047580013,0,1,1,1,0,0,5,1,2,1,4,1,0,1,0,1,2,1,,,,,
5047670021,2,0,2,1,5,1,5,1,3,1,0,1,1,1,1,0,0,1,,,,,
5046880030,4,0,4,0,4,0,1,0,2,0,4,1,3,0,5,1,3,1,,,,,
5047620032,5,1,3,0,3,0,2,1,1,0,3,0,3,0,1,1,2,0,,,,,
5047590001,4,0,5,0,5,0,2,0,1,0,5,0,0,1,1,1,5,1,,,,,
5047620019,2,0,1,0,0,1,2,1,2,0,5,0,1,0,4,0,3,1,,,,,
5048020018,0,0,2,1,0,0,4,0,2,1,4,0,1,0,2,1,5,1,,,,,
5047540054,2,1,1,0,2,1,2,1,4,0,0,1,5,0,1,1,4,1,,,,,
5046730039,3,1,2,1,3,1,1,0,1,1,5,1,4,0,1,1,1,1,,,,,
5047670042,2,1,3,1,3,1,3,0,3,1,4,1,4,0,3,1,1,1,,,,,
5047610016,1,0,5,0,1,0,3,0,2,0,0,0,0,1,4,0,0,0,,,,,
5046740037,3,0,4,1,0,0,4,1,5,0,1,1,1,1,2,1,2,1,,,,,
5047180062,2,1,5,1,3,1,0,1,5,1,5,1,2,0,2,1,5,0,,,,,
5047920103,3,1,2,0,2,1,0,0,0,0,3,1,0,0,2,1,4,0,,,,,
5047190013,2,1,4,0,1,1,1,1,1,0,5,1,5,0,4,1,3,0,,,,,
5046900025,5,0,0,1,1,1,2,0,3,0,4,1,5,0,5,1,0,1,,,,,
5047920043,4,1,2,0,1,1,1,1,2,1,2,1,5,0,5,0,2,0,,,,,
5046750015,0,1,1,0,5,1,1,1,0,0,5,1,1,0,4,1,5,0,,,,,
5046920001,0,1,1,0,1,0,1,0,1,0,4,1,0,1,5,0,5,0,,,,,
5046860008,5,0,1,0,0,0,3,0,3,0,5,0,4,0,0,0,1,1,,,,,
5046870026,1,1,0,1,2,1,0,1,0,0,1,0,3,1,0,0,1,1,,,,,
5046830019,5,1,4,1,0,0,3,0,3,0,2,1,1,0,5,1,3,1,,,,,
5047930098,1,0,0,0,3,1,1,0,5,1,2,1,1,1,4,1,5,0,,,,,
5047540062,3,0,3,0,0,0,1,1,5,0,0,0,0,1,3,0,0,0,,,,,
5047280088,4,1,3,0,3,0,3,0,4,1,0,1,4,1,4,0,5,1,,,,,
5047400016,0,0,2,1,5,1,2,0,2,0,0,1,1,1,5,0,2,0,,,,,
5047670079,0,0,1,0,3,1,3,0,1,0,0,0,2,1,5,0,5,1,,,,,
5047280098,0,1,2,0,2,0,0,1,5,0,1,1,0,1,1,0,1,0,,,,,
5047240009,1,1,5,0,1,1,5,1,0,1,4,1,0,1,0,1,0,0,,,,,
5046830029,4,0,3,1,4,1,5,0,5,1,5,1,3,1,2,0,5,1,,,,,
5047220061,2,1,1,0,1,1,2,1,3,1,0,0,0,0,1,1,5,1,,,,,
5047600001,1,0,4,1,0,0,4,1,3,0,1,0,2,1,1,0,0,0,,,,,
5047460062,5,0,5,0,3,0,0,0,5,1,5,0,2,1,2,1,3,1,,,,,
5047200015,5,0,4,0,3,0,5,0,5,0,4,0,5,1,0,1,1,1,,,,,
5047590011,3,0,1,1,0,0,1,0,4,1,0,1,0,1,2,0,3,0,,,,,
5048020024,1,1,4,0,2,1,2,0,5,0,2,0,1,0,4,0,3,0,,,,,
5046740001,0,0,0,1,3,1,3,0,2,0,5,1,4,1,0,1,5,1,,,,,
5046900123,2,0,3,0,1,0,2,0,3,0,3,0,4,0,2,1,3,0,,,,,
5047240023,4,1,1,0,0,1,3,0,0,1,3,1,0,1,4,0,5,1,,,,,
5046900121,2,0,3,0,4,1,4,0,1,1,1,0,3,0,4,0,4,1,,,,,
5047360015,5,0,5,0,0,1,3,1,2,1,2,0,4,0,1,1,3,1,,,,,
5047460003,4,1,3,0,3,0,2,0,5,0,5,1,0,1,5,0,3,1,,,,,
5047180033,5,1,5,1,0,1,4,1,3,1,1,1,3,0,3,1,3,1,,,,,
5047230056,5,1,5,0,3,1,5,0,5,1,2,0,4,1,1,0,0,1,,,,,
5047220056,3,0,0,1,1,1,4,0,0,1,1,0,2,0,0,1,2,0,,,,,
5047250001,2,1,0,1,2,1,4,0,1,1,4,0,4,0,4,1,1,1,,,,,
5047280004,3,0,4,1,5,0,5,0,1,0,1,1,3,1,4,1,0,0,,,,,
5047930027,5,1,2,0,5,0,4,1,3,1,3,1,2,0,4,1,2,1,,,,,
5047920073,1,0,2,0,5,1,0,0,4,1,2,0,0,1,3,0,3,0,,,,,
5047740001,3,0,5,0,3,1,2,0,2,1,4,1,5,0,1,0,4,0,,,,,
5046900027,4,0,2,1,0,0,0,1,0,1,2,0,5,0,0,1,0,0,,,,,
5047190044,3,1,1,0,3,0,2,0,3,0,3,0,5,1,5,1,1,1,,,,,
5047920011,4,1,5,0,1,0,5,1,4,0,0,1,0,1,4,0,3,1,,,,,
5046890008,4,0,1,0,0,0,5,1,5,1,1,1,5,1,2,0,2,1,,,,,
5046890004,5,1,3,1,3,1,1,0,3,0,1,0,4,0,0,0,3,1,,,,,
5047670001,5,1,4,1,0,0,4,1,0,0,2,0,5,0,5,0,2,1,,,,,
5047670013,3,1,2,1,1,0,2,0,3,0,4,0,4,1,3,0,0,1,,,,,
5047260032,2,0,5,0,2,1,4,1,0,0,4,1,2,1,5,1,5,0,,,,,
5046900005,5,1,2,1,4,1,4,1,0,0,4,1,0,1,3,0,1,1,,,,,
5046930009,4,1,0,0,5,1,2,0,4,1,4,0,2,0,0,0,1,1,,,,,
5046820012,0,1,2,0,5,0,4,0,0,0,1,0,1,1,2,0,0,1,,,,,
5046940015,0,1,0,0,5,0,0,1,1,1,0,1,0,0,1,1,2,1,,,,,
5040300019,1,1,1,0,1,1,3,1,3,0,1,1,2,0,3,1,0,1,,,,,
5040290006,5,0,4,1,3,1,4,1,5,0,4,0,0,1,1,0,2,0,,,,,
5047230036,2,1,1,0,5,0,1,0,5,1,0,1,4,0,4,1,3,0,,,,,
5047820038,3,0,3,0,5,0,5,0,5,1,0,0,4,1,1,1,0,0,,,,,
5046830014,5,1,0,0,5,1,5,1,3,0,0,0,0,1,4,1,4,1,,,,,
5047280054,0,1,0,1,5,0,5,1,5,1,0,1,1,1,4,0,2,0,,,,,
5046900117,0,1,5,0,3,1,2,0,0,0,4,1,5,0,5,0,0,0,,,,,
5047220063,4,0,0,0,2,0,1,0,4,0,0,0,2,0,4,0,2,0,,,,,
5047930030,4,0,3,0,4,1,2,1,0,1,1,0,1,0,5,0,0,1,,,,,
5047930045,1,0,0,0,3,1,5,0,4,0,0,0,1,0,4,0,0,1,,,,,
5046830022,1,0,0,1,0,0,1,1,5,0,2,0,4,1,5,0,0,1,,,,,
5046940003,0,0,5,0,2,1,2,0,3,1,1,1,0,1,0,0,5,0,,,,,
5046910013,2,1,2,1,5,1,1,1,0,1,0,0,5,0,1,0,5,0,,,,,
5046790017,2,1,2,0,3,1,2,0,2,1,1,1,3,0,4,1,5,0,,,,,
5047280133,1,0,0,1,2,1,4,0,2,1,3,1,5,1,0,0,5,0,,,,,
5046750023,0,0,4,1,5,1,2,0,3,1,2,0,1,1,2,0,0,0,,,,,
5047680001,3,1,3,1,2,1,4,1,3,0,1,1,3,1,2,1,1,1,,,,,
5046890011,2,0,5,1,5,1,1,0,5,0,0,0,2,0,5,0,3,0,,,,,
5047240051,1,0,0,1,5,0,5,0,3,0,0,1,0,0,5,1,2,0,,,,,
5046870024,1,1,5,0,2,1,0,1,4,0,2,0,1,0,5,1,4,1,,,,,
5046760027,3,1,1,1,1,0,1,1,5,0,0,0,1,0,2,0,3,1,,,,,
5046830026,3,1,4,1,3,1,0,0,5,0,2,1,0,1,5,0,0,1,,,,,
5046890003,0,1,4,1,1,1,2,0,0,0,5,0,3,0,5,1,1,0,,,,,
5046750006,5,1,5,0,2,0,2,0,5,0,0,1,5,1,1,1,3,1,,,,,
5046820025,5,1,5,0,4,1,3,1,4,1,5,0,5,1,0,0,4,1,,,,,
5047540034,2,0,1,1,1,0,1,0,0,0,4,0,0,0,4,0,1,1,,,,,
5046760025,5,1,0,1,2,0,4,1,3,0,4,1,4,1,4,1,0,0,,,,,
5047210067,0,1,4,0,3,1,3,0,5,1,1,1,5,0,4,0,4,0,,,,,
5047920113,0,0,0,0,3,1,0,0,1,1,0,1,2,0,3,0,5,1,,,,,
5047210012,1,0,1,0,0,1,3,1,2,1,5,0,4,1,3,1,0,0,,,,,
5047920208,0,1,0,0,4,1,0,0,4,1,4,1,5,1,5,1,5,0,,,,,
5047540029,3,1,0,0,1,1,0,0,1,1,2,0,2,1,2,1,2,1,,,,,
5047460107,4,0,1,1,4,1,2,1,4,1,3,1,4,1,1,1,1,0,,,,,
5047850001,0,0,5,1,0,0,0,0,2,1,0,1,4,0,4,0,4,0,,,,,
5046830009,3,1,2,0,2,0,1,0,2,0,3,0,3,1,4,0,0,0,,,,,
5046800048,1,1,3,1,1,1,2,1,5,1,5,0,4,1,1,1,1,1,,,,,
5041600358,5,0,1,1,4,1,3,1,4,1,1,0,4,0,3,0,3,1,,,,,
5047190019,2,0,2,0,5,1,3,1,3,1,0,0,3,1,2,0,0,0,,,,,
5047180012,5,1,0,0,4,1,0,1,0,0,2,0,2,0,2,1,2,1,,,,,
5046810009,2,1,5,0,4,1,1,0,5,1,2,0,2,0,3,0,2,0,,,,,
5047210078,5,1,3,1,5,1,5,1,4,0,4,0,2,0,4,0,5,1,,,,,
5046810012,2,0,4,1,2,0,1,0,5,1,4,1,5,0,0,0,1,0,,,,,
5047230008,4,1,1,0,5,0,3,1,4,1,4,1,3,0,2,0,0,0,,,,,
5047240035,1,1,3,1,4,0,1,0,5,0,1,1,1,0,1,1,3,1,,,,,
5047240052,0,1,2,0,2,0,1,0,1,1,2,0,2,1,5,1,4,1,,,,,
5047280092,5,1,2,1,1,1,2,0,3,1,3,1,2,0,3,1,3,0,,,,,
5047280105,4,1,5,0,2,1,0,0,4,0,3,0,3,0,5,1,0,0,,,,,
5047460020,5,1,1,1,2,0,2,0,2,0,1,1,0,1,4,0,0,1,,,,,
5046720022,4,1,1,0,4,0,4,1,4,0,3,1,3,1,5,1,3,1,,,,,
5041600318,1,1,4,1,5,1,1,0,5,0,4,0,4,1,4,1,1,0,,,,,
5047670038,3,1,4,1,2,0,5,0,0,1,3,1,3,0,3,0,5,1,,,,,
5047670012,5,1,2,0,4,1,1,0,4,1,3,0,3,0,4,1,1,1,,,,,
5047200024,1,1,1,1,1,1,1,0,5,0,2,1,4,0,1,0,3,0,,,,,
5047240038,4,0,3,0,1,0,3,1,2,1,5,0,4,0,1,0,0,1,,,,,
5047460022,0,1,2,0,4,1,4,1,0,1,0,1,1,0,1,1,0,1,,,,,
5046720020,0,1,1,0,3,1,0,1,2,0,5,0,0,1,5,1,5,0,,,,,
5046730040,2,1,5,1,3,0,5,1,3,1,1,1,2,0,1,0,3,1,,,,,
5047920044,4,0,4,1,5,1,0,0,4,0,4,1,3,0,0,0,2,0,,,,,
5047540081,0,1,4,0,5,0,5,1,0,0,2,1,4,1,4,0,4,1,,,,,
5046730016,2,0,3,0,3,0,5,1,0,0,2,0,0,0,4,1,3,1,,,,,
5047230032,4,1,5,1,5,1,2,1,5,0,0,1,2,0,2,0,3,0,,,,,
5047190029,0,0,3,1,4,1,4,0,3,0,1,0,1,0,1,1,4,1,,,,,
5046790014,5,1,1,0,4,1,3,1,1,0,5,1,0,0,3,0,2,0,,,,,
5047820025,0,1,4,0,3,1,1,0,3,1,4,0,0,0,4,1,1,1,,,,,
5047880290,2,0,4,0,0,1,5,1,3,1,3,1,0,0,2,0,1,0,,,,,
5047910071,3,0,5,0,2,0,2,0,5,0,4,1,3,0,2,0,5,0,,,,,
5047670037,0,1,5,0,0,0,2,1,1,0,3,0,3,0,5,1,3,0,,,,,
5047460030,5,1,5,0,2,0,4,0,4,0,2,1,4,1,1,0,4,0,,,,,
5047220067,4,1,3,0,4,1,4,0,0,1,4,0,1,1,3,0,4,0,,,,,
5047230017,2,1,1,1,1,0,5,0,0,1,4,1,4,0,2,0,3,1,,,,,
5047930108,3,0,4,1,5,0,3,1,0,1,1,1,4,1,4,1,3,1,,,,,
5047930032,4,0,0,1,1,0,0,0,0,0,5,1,5,0,1,1,2,0,,,,,
5046750012,1,1,0,1,3,0,2,1,2,1,2,1,5,1,5,1,5,1,,,,,
5046950107,3,0,2,1,5,1,0,1,1,0,1,0,1,0,0,1,3,1,,,,,
5046900113,2,1,0,1,0,1,3,1,4,1,5,0,0,0,2,1,1,1,,,,,
5046900035,2,0,0,0,3,1,3,0,2,1,3,1,5,0,1,1,5,1,,,,,
5047460037,3,1,3,1,4,0,4,0,1,1,3,0,2,1,1,0,4,1,,,,,
5047260031,4,1,2,0,2,1,4,0,4,0,0,0,4,0,5,0,0,1,,,,,
5047230005,0,0,0,0,5,1,1,0,4,1,1,1,0,1,2,1,2,1,,,,,
5047460002,2,1,2,1,0,1,1,0,5,0,2,1,1,1,4,0,5,1,,,,,
5046900136,2,0,5,1,4,0,0,1,5,1,4,1,4,1,4,1,0,1,,,,,
5047240005,0,1,3,0,3,0,3,0,3,0,1,0,1,1,5,1,0,0,,,,,
5047390029,0,1,2,1,0,1,1,1,0,0,3,1,4,0,1,0,0,1,,,,,
5040290001,1,1,3,1,2,0,4,1,5,0,3,0,5,1,5,1,5,1,,,,,
5047540068,4,0,2,0,2,1,5,0,3,0,3,1,2,1,2,1,4,0,,,,,
5047280115,1,0,3,1,4,1,4,0,4,0,0,0,0,0,1,0,2,0,,,,,
5047280131,0,0,5,1,3,0,2,1,1,1,5,0,1,0,2,1,5,0,,,,,
5047230018,5,1,3,1,2,1,4,0,1,1,1,1,3,0,0,1,2,1,,,,,
5047230044,1,1,1,0,1,0,0,1,3,0,1,1,5,0,2,1,0,0,,,,,
5047400033,5,0,0,0,3,0,4,1,5,1,5,0,4,1,5,0,4,1,,,,,
5047280101,0,0,4,0,5,1,1,0,2,1,2,0,2,1,3,0,1,0,,,,,
5046830025,1,1,4,0,0,1,4,0,0,0,1,0,5,0,2,0,2,0,,,,,
5046790002,4,0,5,1,3,0,3,1,3,1,5,1,3,0,4,0,1,1,,,,,
5046950001,1,1,0,0,1,0,0,0,0,1,4,0,4,0,2,0,3,0,,,,,
5046860022,0,0,4,1,4,0,1,1,3,1,5,1,1,1,5,1,2,1,,,,,
5047190003,4,1,1,1,0,1,3,1,1,1,2,1,3,1,3,0,5,0,,,,,
5047810026,3,1,5,0,2,0,0,0,2,1,2,1,2,1,5,1,0,0,,,,,
5047810039,1,0,3,1,5,1,1,1,3,1,0,1,3,0,0,0,1,0,,,,,
5047220066,1,1,2,1,1,1,1,1,0,1,1,1,2,0,4,1,1,1,,,,,
5041600020,5,1,5,1,3,0,4,1,5,0,5,0,0,0,4,0,3,1,,,,,
5046800044,0,1,3,1,0,0,5,0,2,0,0,1,3,1,3,1,5,0,,,,,
5046810013,3,1,5,1,0,0,5,0,4,0,1,1,5,0,2,1,3,0,,,,,
5046810016,5,1,5,0,4,1,1,0,3,0,5,1,0,1,0,1,5,1,,,,,
5046740013,2,0,3,0,0,1,0,1,3,1,4,0,4,1,0,0,2,0,,,,,
5046830001,0,1,3,1,2,0,4,0,1,0,0,1,4,0,5,0,1,0,,,,,
5047190054,4,0,4,1,0,0,2,0,5,1,1,1,0,1,1,0,3,1,,,,,
5047240062,4,1,3,0,4,1,1,0,0,1,5,0,2,0,5,1,1,1,,,,,
5047920115,5,0,2,0,5,1,1,0,0,1,2,0,4,1,5,0,5,1,,,,,
5046790041,2,0,0,0,2,0,1,1,1,1,4,1,5,1,0,0,3,0,,,,,
5046760047,0,0,2,0,1,0,0,1,3,0,5,0,4,0,2,1,0,0,,,,,
5046750039,5,0,1,1,1,0,3,1,4,1,2,0,3,1,3,1,2,0,,,,,
5047930064,5,1,4,1,3,1,0,0,3,0,3,0,1,1,2,0,0,0,,,,,
5047210080,1,1,0,0,2,1,3,0,1,0,0,1,2,1,5,1,5,0,,,,,
5047930072,1,0,1,1,2,1,1,1,0,0,2,1,4,0,4,0,4,1,,,,,
5046740038,0,1,2,1,4,0,5,1,0,1,2,1,2,1,1,0,0,0,,,,,
5046690019,1,1,2,0,1,0,3,1,4,1,1,1,3,1,2,1,4,0,,,,,
5047920119,4,0,2,0,4,0,2,1,1,1,4,0,1,0,5,0,0,0,,,,,
5047920032,2,1,5,0,3,0,3,1,1,0,5,1,5,0,3,0,5,0,,,,,
5047910055,1,0,2,1,5,1,3,1,2,0,4,1,2,1,5,1,2,0,,,,,
5047680068,0,0,2,1,0,0,4,1,2,1,1,0,4,0,0,1,5,1,,,,,
5047190026,2,0,1,1,2,1,4,1,0,0,1,0,5,1,2,1,4,1,,,,,
5047200013,2,1,3,0,4,0,0,1,0,0,3,1,5,0,1,0,2,0,,,,,
5046740036,2,0,1,1,2,0,3,1,0,1,5,1,3,1,2,1,2,0,,,,,
5046730046,2,1,5,0,3,1,4,0,2,0,2,0,2,1,5,1,2,0,,,,,
5046910035,1,0,2,0,5,0,0,0,0,1,4,1,5,1,4,1,5,1,,,,,
5046690015,1,1,5,1,2,0,4,0,2,0,2,1,2,1,0,0,1,1,,,,,
5048020011,2,1,5,0,3,0,4,1,3,1,5,0,0,0,2,1,3,0,,,,,
5047180005,0,0,0,0,4,1,0,1,5,0,4,1,0,0,3,1,0,1,,,,,
5047230004,2,1,3,1,0,0,0,1,0,0,3,1,2,0,3,0,1,1,,,,,
5046840033,0,0,4,1,4,0,5,0,4,0,3,1,3,1,5,0,0,0,,,,,
5046790018,4,1,0,0,0,0,4,1,5,0,5,0,5,1,1,1,1,1,,,,,
5046830031,0,1,3,0,3,0,4,0,4,0,3,0,3,1,1,0,3,0,,,,,
5047670078,1,1,5,0,0,0,3,1,4,1,4,0,0,1,2,0,0,0,,,,,
5047210075,2,0,3,1,3,0,4,0,5,0,0,0,2,1,0,1,4,1,,,,,
5047810010,0,1,1,1,0,1,4,1,1,1,1,0,3,0,5,0,3,1,,,,,
5047460073,4,1,2,1,5,1,2,1,5,0,1,0,4,0,0,0,2,0,,,,,
5047240001,2,0,3,1,1,1,5,0,5,0,0,1,4,1,5,0,4,1,,,,,
5047280128,1,1,1,1,1,0,5,1,2,0,1,1,5,0,1,0,5,1,,,,,
5047670075,4,0,3,0,4,1,4,1,3,1,5,0,2,0,0,1,1,1,,,,,
5047370005,2,1,2,1,5,0,5,0,2,1,1,0,1,0,3,1,1,0,,,,,
5047400001,2,0,5,1,1,0,5,1,1,1,4,1,2,0,0,0,5,0,,,,,
5046760059,4,0,2,1,3,0,1,1,5,1,2,1,1,0,1,0,2,1,,,,,
5047210008,4,1,5,1,2,0,1,0,2,1,4,0,1,1,0,1,4,1,,,,,
5047210031,5,0,3,1,5,0,4,1,0,0,2,1,2,0,5,0,3,0,,,,,
5047380001,0,1,1,0,4,0,4,0,5,0,2,1,2,0,1,0,3,1,,,,,
5046900022,5,1,5,0,2,0,5,0,1,1,5,0,1,1,3,1,2,0,,,,,
5047910050,2,0,0,1,1,0,0,1,2,1,3,0,5,0,5,0,1,0,,,,,
5047540035,2,0,0,0,3,0,3,0,3,1,0,0,2,1,0,0,2,0,,,,,
5047460045,5,0,1,0,3,1,1,1,4,1,3,0,0,1,4,1,4,1,,,,,
5047620028,2,0,1,1,3,1,3,0,4,0,1,0,5,0,5,0,2,1,,,,,
5047540037,4,1,2,1,2,1,3,0,3,0,0,0,3,0,1,1,2,1,,,,,
5047460004,2,0,1,1,0,1,4,0,1,0,2,1,3,0,2,0,5,0,,,,,
5047760270,5,1,5,0,0,0,5,0,5,1,0,0,3,1,5,1,3,1,,,,,
5047460038,1,0,1,1,4,1,5,0,5,1,0,0,2,1,5,1,5,0,,,,,
5047540066,3,0,5,1,2,0,0,0,1,0,5,0,1,1,5,0,2,0,,,,,
5047190057,4,1,3,0,3,0,5,1,3,0,2,1,3,0,0,0,1,0,,,,,
5047620027,3,0,5,0,0,1,2,1,4,1,2,1,3,0,4,1,5,0,,,,,
5047540053,3,0,4,0,0,0,1,0,3,1,0,0,4,0,3,0,0,1,,,,,
5047670062,5,0,5,1,3,0,5,0,2,1,4,1,5,1,1,0,5,0,,,,,
5047540060,0,0,5,1,5,0,5,1,2,1,4,0,4,0,4,0,4,1,,,,,
5047540040,1,0,2,0,1,1,2,1,4,0,1,1,2,1,3,1,1,1,,,,,
5047670018,3,0,0,1,5,0,1,1,4,1,2,1,2,1,1,0,2,1,,,,,
5047930015,4,0,2,0,4,0,0,1,5,1,4,1,4,1,1,1,3,1,,,,,
5047670022,3,0,4,0,2,1,2,1,2,0,5,1,1,0,2,0,2,0,,,,,
5041600048,2,1,5,0,2,0,2,1,0,0,5,0,3,0,3,0,0,1,,,,,
5040290021,1,0,2,0,2,0,4,0,5,0,5,0,1,1,3,0,3,0,,,,,
5047930043,1,0,2,0,3,1,2,1,3,0,3,0,3,0,3,1,4,1,,,,,
5046930015,1,1,3,0,3,0,3,1,3,1,3,0,5,1,3,1,3,0,,,,,
5046890023,4,0,3,0,1,0,0,0,1,1,5,0,3,1,1,0,0,0,,,,,
5046760061,1,0,2,1,5,1,5,0,2,0,3,1,5,1,1,1,2,1,,,,,
5046860005,5,0,3,0,4,0,1,0,3,1,0,0,0,1,3,0,0,0,,,,,
5046890014,0,0,0,1,1,1,3,1,1,1,4,0,4,1,0,0,5,1,,,,,
5047920051,0,1,4,0,2,0,1,0,0,1,4,1,5,0,1,1,0,0,,,,,
5046760005,3,1,0,1,0,1,2,0,4,1,2,1,2,0,2,1,2,0,,,,,
5047540036,1,0,3,1,4,0,2,1,4,0,1,1,1,0,4,1,3,0,,,,,
5046800035,5,0,1,0,0,1,0,1,5,1,1,1,3,1,5,0,3,1,,,,,
5046910043,2,0,4,1,3,1,0,1,3,1,5,0,0,0,5,1,2,0,,,,,
5046950014,5,1,0,1,2,1,0,0,4,0,0,0,4,1,0,0,5,0,,,,,
5046890001,0,1,2,1,2,1,1,1,0,0,4,0,1,1,1,1,4,0,,,,,
5046740039,1,0,5,0,0,0,5,1,4,1,5,0,1,0,1,0,4,0,,,,,
5046730026,4,1,4,1,2,1,4,1,0,0,5,0,1,1,5,1,0,1,,,,,
5047210076,4,0,0,0,4,1,3,1,1,0,0,1,4,1,2,1,5,1,,,,,
5041600328,5,0,0,1,2,0,5,1,3,1,4,0,2,0,3,1,1,0,,,,,
5041600360,3,1,4,1,5,1,4,1,5,1,2,0,2,1,1,1,2,1,,,,,
5047540055,3,0,3,0,2,0,0,1,2,0,1,1,2,1,4,0,2,0,,,,,
5047180015,1,0,2,0,2,0,1,1,0,1,2,0,4,1,0,0,4,1,,,,,
5047210027,5,1,0,0,2,0,1,0,0,1,3,1,3,1,3,0,1,1,,,,,
5047250010,2,0,4,1,5,0,2,0,1,1,3,0,0,0,4,1,3,0,,,,,
5047280044,0,0,3,0,5,1,5,0,4,1,4,1,4,1,2,0,3,1,,,,,
5047230016,0,1,3,1,5,0,5,0,2,0,0,0,1,1,3,0,0,1,,,,,
5046830033,2,0,4,1,3,0,0,0,2,1,5,1,4,0,1,0,2,1,,,,,
5046940009,5,0,1,1,3,0,0,1,3,1,0,0,3,0,2,1,1,1,,,,,
5047190045,2,1,2,0,2,1,2,0,3,1,1,1,2,0,1,1,5,0,,,,,
5047220069,4,0,3,0,4,1,1,1,1,1,4,0,5,0,4,0,5,1,,,,,
5047280033,1,1,4,0,2,0,0,0,1,0,4,0,3,1,0,0,3,0,,,,,
5047250018,1,0,1,1,4,1,5,0,2,1,2,1,4,1,1,0,3,1,,,,,
5047230023,3,0,5,1,3,1,1,1,2,0,4,0,3,0,5,1,2,1,,,,,
5047250029,0,1,5,0,3,1,2,1,4,0,5,1,4,1,5,0,5,1,,,,,
5047180031,1,0,2,0,3,1,2,0,1,1,5,1,2,0,1,0,2,1,,,,,
5047250009,0,1,2,1,1,1,1,0,1,1,4,1,2,1,3,0,1,1,,,,,
5047240019,4,0,5,1,2,1,5,0,0,1,3,1,2,1,3,1,5,1,,,,,
5047210086,1,1,2,0,0,0,2,0,2,1,1,1,2,0,4,1,4,0,,,,,
5047260027,3,1,1,1,4,1,0,0,0,1,2,1,3,0,4,0,5,0,,,,,
5047240030,5,1,3,1,4,1,5,0,3,1,1,0,1,0,0,0,5,1,,,,,
5047230006,2,1,2,0,2,1,2,0,2,0,3,0,0,1,2,1,4,1,,,,,
5047220068,0,0,5,1,3,1,2,1,1,0,3,1,5,1,4,1,1,0,,,,,
5047280042,3,1,1,0,2,0,1,1,3,0,0,1,3,0,1,1,5,1,,,,,
5040300008,2,1,0,0,3,0,1,0,4,1,1,1,1,0,1,1,3,0,,,,,
5046750030,0,1,0,0,4,0,2,1,1,0,4,0,0,0,0,0,1,0,,,,,
5047170057,2,0,0,1,1,0,3,1,1,1,5,1,4,1,5,0,2,1,,,,,
5046910006,2,1,4,1,1,0,4,1,4,0,0,0,4,0,1,1,4,0,,,,,
5041600001,3,1,0,1,4,0,2,1,1,0,3,0,5,1,1,0,5,0,,,,,
5047400036,0,0,1,0,0,1,5,1,5,1,5,0,1,0,5,1,4,1,,,,,
5040290013,0,0,5,1,0,1,4,0,1,1,4,0,1,1,4,0,3,1,,,,,
5040300024,4,1,0,0,5,1,2,1,0,1,2,0,0,1,0,1,2,0,,,,,
5041600037,0,0,3,1,3,0,4,0,0,1,3,1,4,1,2,1,1,1,,,,,
5047260030,4,0,5,1,1,1,0,0,0,1,5,0,5,0,5,0,0,0,,,,,
5047280026,5,0,5,0,5,1,1,0,4,0,5,0,2,1,1,0,0,1,,,,,
5047580008,1,1,4,1,3,1,3,1,5,1,1,1,4,0,3,0,2,1,,,,,
5047260037,0,0,5,0,4,1,4,0,3,0,5,1,3,0,5,1,5,1,,,,,
5047540049,2,0,1,0,3,0,3,0,1,1,4,0,4,0,0,0,5,0,,,,,
5047240056,4,1,2,1,1,1,0,1,0,1,3,0,1,0,2,1,2,0,,,,,
5047220045,3,1,3,0,3,0,2,0,5,1,4,0,0,1,5,0,5,1,,,,,
5046820003,5,1,0,1,0,0,0,1,0,1,0,1,3,0,2,0,2,0,,,,,
5046790035,4,0,3,1,4,1,0,0,3,0,3,0,0,0,1,0,1,0,,,,,
5047930059,0,0,3,0,0,1,0,1,4,1,2,0,5,0,1,0,4,0,,,,,
5046830013,5,0,5,0,1,0,3,1,5,0,3,0,4,0,5,1,2,0,,,,,
5047540063,2,1,4,1,3,1,4,0,5,0,4,1,0,0,0,0,5,1,,,,,
5047460059,5,0,1,0,5,1,5,0,1,0,1,0,4,1,4,1,5,0,,,,,
5047460108,3,1,5,0,2,0,5,1,2,1,5,1,2,1,5,0,0,1,,,,,
5047210028,5,1,2,1,3,1,2,0,2,1,0,1,5,1,2,1,2,1,,,,,
5047170061,3,1,4,0,0,0,4,1,5,1,0,1,3,1,3,1,4,1,,,,,
5047610012,3,0,4,0,3,1,4,0,4,0,0,0,1,0,1,1,3,0,,,,,
5047460101,3,0,5,1,3,1,0,0,3,0,4,1,3,1,0,1,5,0,,,,,
5047200029,5,1,4,0,1,1,3,0,4,1,0,1,2,1,4,1,5,0,,,,,
5046680126,2,1,3,1,4,1,1,1,1,0,3,0,0,0,5,0,2,0,,,,,
5047210083,1,1,1,0,2,1,4,0,4,1,3,1,0,0,0,1,0,0,,,,,
5047930124,2,1,2,0,4,1,2,1,2,0,3,0,1,0,4,1,0,0,,,,,
5047220049,4,1,5,1,5,1,0,1,0,1,0,1,5,0,1,1,4,1,,,,,
5047920037,2,1,2,0,5,0,0,0,1,1,3,1,4,1,5,1,3,1,,,,,
5047460010,3,1,0,1,4,1,2,0,0,1,1,0,4,1,0,0,3,1,,,,,
5048030027,1,1,2,0,3,0,2,0,2,1,4,1,0,1,1,1,5,1,,,,,
5046790034,1,0,3,0,1,0,2,0,3,1,4,0,4,1,0,0,4,1,,,,,
5047210088,0,1,5,0,4,0,2,0,5,0,4,0,3,1,4,0,3,1,,,,,
5046690022,5,0,1,0,3,0,0,0,4,1,3,0,2,1,0,1,2,1,,,,,
5040290024,4,1,2,1,1,1,3,0,3,1,4,1,2,0,1,1,3,0,,,,,
5047930094,3,1,0,0,0,1,5,1,1,1,3,1,0,1,5,0,0,1,,,,,
5046830015,2,1,3,0,3,1,0,0,2,1,4,1,1,0,0,0,0,1,,,,,
5046690036,3,1,0,1,5,0,5,0,0,0,5,0,2,1,3,0,0,1,,,,,
5047460112,4,1,5,1,5,1,5,1,3,1,3,1,2,0,3,0,0,0,,,,,
5046830036,0,1,4,0,3,0,5,0,3,1,1,1,3,1,2,0,2,0,,,,,
5046780029,0,0,4,0,3,1,4,0,5,1,1,0,0,0,3,1,1,1,,,,,
5047460048,2,1,3,0,3,1,3,1,2,1,5,0,0,0,2,0,5,0,,,,,
5047460006,3,1,0,0,4,0,3,1,5,0,5,1,3,0,4,1,4,1,,,,,
5046800037,1,1,2,0,3,0,5,0,4,1,4,0,1,1,1,0,2,1,,,,,
5046800011,2,0,5,1,4,0,1,0,1,0,3,1,4,0,1,0,3,0,,,,,
5047240043,1,1,1,0,5,1,4,1,4,0,3,1,4,1,5,0,0,1,,,,,
5047400043,3,1,2,0,2,0,0,1,5,0,1,1,0,0,2,0,1,1,,,,,
5048030017,0,0,2,0,4,0,3,1,2,1,0,0,4,1,2,0,3,1,,,,,
5046760009,1,0,1,1,1,1,2,0,0,0,2,0,0,0,5,1,3,0,,,,,
5046930008,4,0,0,0,0,0,4,0,0,1,2,1,0,1,4,0,1,1,,,,,
5046950028,4,1,3,0,1,0,3,0,3,0,3,1,3,1,4,0,5,0,,,,,
5046900127,5,1,1,1,5,0,2,1,2,1,2,1,5,0,3,0,4,1,,,,,
5046900124,4,1,2,1,2,0,1,0,2,1,3,1,5,1,0,1,4,1,,,,,
5046880020,0,1,0,0,4,0,5,1,5,0,4,0,1,1,5,0,4,0,,,,,
5047280085,0,1,1,1,2,0,0,0,4,0,0,1,3,1,0,1,3,1,,,,,
5046900129,2,1,1,0,4,0,1,0,2,1,2,0,4,1,2,1,1,1,,,,,
5046850001,1,0,5,0,2,0,3,0,1,0,4,0,2,0,1,0,4,0,,,,,
5046930001,0,0,3,1,2,0,2,0,0,0,2,0,2,0,3,0,3,1,,,,,
5047250027,5,0,0,1,2,1,0,1,1,0,5,0,3,0,3,1,5,0,,,,,
5046810018,2,0,4,0,4,1,3,1,4,1,5,0,2,1,4,0,4,0,,,,,
5046820014,2,1,0,0,1,0,3,0,2,1,0,0,4,1,4,0,1,1,,,,,
5046760064,5,0,5,1,1,0,1,1,1,1,5,0,5,0,3,0,2,0,,,,,
5046900138,2,0,2,1,5,0,0,1,2,1,0,1,2,0,3,0,2,0,,,,,
5047810040,5,1,0,1,5,1,1,1,4,0,5,1,2,0,1,0,4,0,,,,,
5047680069,4,0,4,1,4,1,1,1,3,1,3,1,4,0,0,1,3,1,,,,,
5046950015,0,0,1,0,5,0,0,0,0,0,1,0,5,0,0,0,2,1,,,,,
5046760048,5,1,2,0,5,0,2,0,1,1,5,1,3,0,5,1,4,1,,,,,
5047620335,4,1,5,1,4,0,0,1,2,0,0,1,2,0,5,1,5,0,,,,,
5047610001,3,1,1,0,4,0,3,0,4,0,3,1,5,1,4,1,4,0,,,,,
5046840027,5,0,1,0,1,1,0,1,1,0,1,1,4,1,4,1,1,1,,,,,
5047540045,3,0,1,1,0,0,1,0,2,1,5,1,1,1,3,0,3,1,,,,,
5046740030,0,0,3,0,2,1,1,0,5,0,1,0,5,1,2,0,2,1,,,,,
5047240039,1,1,1,0,1,1,1,1,3,1,0,0,5,1,2,1,4,1,,,,,
5047280035,1,1,5,1,0,0,3,0,3,1,0,0,1,0,4,0,5,1,,,,,
5047240011,4,0,3,0,5,0,2,0,5,0,0,1,4,1,2,0,1,1,,,,,
5047680072,5,0,3,1,5,1,3,1,0,1,2,0,3,0,4,0,0,0,,,,,
5046900134,5,0,4,1,2,0,1,0,4,0,2,0,2,0,3,0,1,1,,,,,
5047200036,0,0,4,1,4,0,4,1,2,1,0,0,3,1,2,1,2,0,,,,,
5047810021,4,0,1,0,1,1,1,1,4,1,3,1,0,0,5,0,3,1,,,,,
5047250014,5,1,1,1,3,0,4,1,5,1,3,1,3,0,2,0,2,0,,,,,
5047260009,4,1,4,0,1,0,4,1,0,0,0,0,1,1,3,1,1,1,,,,,
5040300030,1,1,5,1,4,1,4,1,2,1,2,1,2,1,1,1,1,1,,,,,
5047580005,4,0,1,0,3,0,0,0,4,0,4,0,0,1,1,0,1,1,,,,,
5047210025,4,1,2,0,1,0,0,1,1,1,1,1,3,1,5,1,1,0,,,,,
5046740009,5,0,2,1,3,0,2,0,4,1,0,1,4,1,5,0,2,1,,,,,
5047580014,5,1,5,0,2,1,3,1,1,1,4,1,5,1,0,1,3,0,,,,,
5047670015,2,1,5,0,5,0,3,1,1,1,2,1,4,1,1,0,4,0,,,,,
5047460090,3,0,1,1,1,1,4,1,1,1,4,0,2,0,4,1,3,1,,,,,
5046740040,2,1,2,1,1,0,4,1,4,1,5,0,2,1,4,0,5,0,,,,,
5047250036,1,1,2,1,2,0,1,0,4,0,4,0,2,0,4,1,4,1,,,,,
5047400013,5,1,2,1,1,0,0,0,1,1,5,0,4,1,3,0,1,1,,,,,
5046890017,0,1,4,0,3,0,4,0,1,0,1,0,1,0,0,1,2,0,,,,,
5047230045,3,1,4,1,1,0,1,0,1,1,1,1,4,0,4,1,0,0,,,,,
5047210081,1,0,4,0,1,1,0,0,2,0,5,1,5,0,4,1,2,0,,,,,
5047190056,3,1,4,1,1,1,0,1,3,1,4,0,1,1,1,0,4,0,,,,,
5040300014,0,0,2,0,1,1,0,1,4,0,1,1,0,1,1,1,0,1,,,,,
5047170049,2,0,3,0,0,1,5,0,5,0,3,0,5,0,3,1,0,0,,,,,
5046880018,2,1,2,1,1,0,1,1,1,1,2,0,5,1,5,1,1,1,,,,,
5046910023,2,1,2,1,0,0,0,1,4,0,3,0,3,0,4,0,3,1,,,,,
5047930001,3,1,1,0,4,1,5,1,2,0,3,0,2,1,5,0,0,1,,,,,
5047190061,0,0,3,1,1,0,1,1,0,0,0,0,5,1,0,1,5,1,,,,,
5040300127,3,0,3,1,5,0,1,0,4,0,0,1,4,0,2,1,5,0,,,,,
5047460058,0,1,3,1,1,0,0,0,0,1,3,0,2,1,2,1,4,0,,,,,
5047460035,1,1,2,1,5,1,1,0,4,1,2,0,0,0,5,1,3,0,,,,,
5048030104,4,0,3,0,2,1,5,1,4,1,4,0,5,1,1,0,3,0,,,,,
5047540047,5,0,4,1,1,0,2,1,2,0,3,1,1,1,2,0,5,0,,,,,
5040300018,4,1,4,0,4,1,1,1,1,1,0,0,1,0,3,1,0,0,,,,,
5047200009,1,0,1,1,3,1,3,0,2,1,3,1,2,1,5,0,3,0,,,,,
5046810028,4,0,5,0,1,0,1,1,1,0,4,0,3,0,2,1,3,1,,,,,
5046760007,3,0,0,1,5,1,2,0,4,0,2,0,3,1,3,0,5,1,,,,,
5046900037,0,0,1,1,4,1,0,0,2,0,2,1,5,1,0,1,0,1,,,,,
5047910082,0,0,2,0,0,0,1,1,1,1,0,1,2,0,4,0,1,0,,,,,
5046910011,5,1,5,1,4,0,4,0,0,0,1,1,0,1,2,0,3,0,,,,,
5046950108,2,1,4,0,4,0,2,1,0,0,0,1,4,1,3,1,5,0,,,,,
5046810024,0,1,4,1,0,0,0,0,0,1,3,0,2,0,3,1,0,1,,,,,
5047190017,4,0,3,0,3,1,3,0,3,0,5,0,0,1,2,1,1,1,,,,,
5046820021,3,1,3,1,2,1,1,1,5,0,1,1,3,1,4,1,5,0,,,,,
5046830011,5,0,5,0,3,0,1,1,2,1,2,0,5,0,3,1,0,1,,,,,
5046800042,1,0,0,0,3,1,2,1,5,1,0,1,2,1,5,1,0,1,,,,,
5047200018,2,1,3,1,3,1,1,0,1,1,2,1,2,0,5,1,3,1,,,,,
5047170055,3,0,0,0,4,0,4,0,5,0,5,1,3,1,1,0,4,0,,,,,
5047240004,3,1,3,0,4,0,0,0,5,1,3,0,0,0,4,0,2,0,,,,,
5047230054,5,1,2,1,4,1,0,0,0,1,2,1,4,1,1,0,5,1,,,,,
5048030024,1,0,5,0,1,1,2,0,4,1,1,1,0,0,4,1,2,0,,,,,
5047240053,4,0,5,0,5,0,0,0,5,1,1,1,2,1,0,0,2,1,,,,,
5047930046,5,0,5,1,1,1,5,1,0,0,3,1,2,0,0,1,1,0,,,,,
5046920021,2,1,2,0,4,0,3,1,4,1,3,1,3,1,1,0,2,1,,,,,
5047670068,1,1,2,0,0,1,3,1,2,0,5,0,4,0,4,1,5,1,,,,,
5046870001,5,0,5,0,4,0,1,0,3,0,2,0,4,0,2,1,4,0,,,,,
5047670074,2,0,3,0,5,1,4,1,5,0,5,1,2,1,5,1,3,1,,,,,
5047680046,1,0,0,0,2,0,2,0,3,0,0,0,2,1,1,0,5,1,,,,,
5047670066,2,1,4,1,1,0,2,0,3,1,2,1,3,0,0,1,1,0,,,,,
5046690006,5,0,4,1,2,0,3,0,5,1,4,0,5,0,3,1,4,1,,,,,
5046910041,5,1,1,0,3,1,0,1,2,0,5,1,4,1,4,1,1,1,,,,,
5047910051,0,0,1,0,3,1,0,1,4,0,3,0,0,1,5,1,2,1,,,,,
5047810001,0,1,4,1,0,0,0,0,5,0,2,1,4,0,3,1,3,0,,,,,
5046930025,1,0,1,1,0,0,0,1,5,0,3,0,1,1,4,0,2,0,,,,,
5046860007,1,0,0,0,2,1,0,0,1,1,0,0,4,0,5,1,5,0,,,,,
5046900110,0,1,2,1,2,0,2,1,2,0,5,0,3,0,4,0,3,0,,,,,
5046930007,0,0,1,1,4,0,2,0,5,1,5,0,2,1,0,1,3,0,,,,,
5047200026,1,0,3,1,1,0,0,0,2,0,2,1,0,1,4,1,3,1,,,,,
5047680062,5,0,4,1,1,0,4,1,4,0,5,1,2,0,1,1,0,1,,,,,
5047220051,3,1,1,1,4,0,3,0,1,0,3,1,3,1,2,0,1,0,,,,,
5046950104,5,0,3,1,0,0,2,1,3,1,5,0,1,1,2,0,1,1,,,,,
5046860009,1,1,2,1,0,1,3,0,2,1,4,1,1,1,4,0,1,0,,,,,
5046950016,5,0,5,1,1,0,5,1,0,0,3,0,0,0,3,0,3,0,,,,,
5047670030,4,0,0,1,0,0,1,0,3,0,0,0,2,0,1,0,0,1,,,,,
5046730045,5,0,3,0,2,1,3,0,3,0,3,1,1,1,4,1,1,0,,,,,
5047230038,2,0,3,1,5,1,5,1,2,1,2,0,2,0,1,1,0,1,,,,,
5046820035,5,1,3,1,5,0,4,1,3,0,1,0,3,1,1,1,1,1,,,,,
5047920033,1,1,3,0,0,1,3,0,1,1,1,0,0,1,3,1,2,1,,,,,
5046840100,5,0,5,1,4,0,1,1,4,1,2,0,4,1,3,0,0,0,,,,,
5047920005,3,1,5,1,0,0,5,0,0,0,4,1,4,0,1,0,5,0,,,,,
5046730028,4,1,3,0,1,1,1,0,3,1,3,1,0,1,5,0,2,1,,,,,
5046730032,4,0,1,0,5,0,4,1,2,1,3,1,4,1,0,0,2,1,,,,,
5047930038,0,1,3,0,1,1,0,1,3,0,2,1,2,0,3,0,1,1,,,,,
5046820032,3,1,5,0,4,0,2,0,0,0,0,0,3,1,2,1,4,0,,,,,
5046950022,0,0,1,0,1,0,0,1,4,1,2,1,3,0,5,0,2,1,,,,,
5041600013,5,1,5,1,2,1,2,0,2,1,5,1,3,1,1,1,3,1,,,,,
5046760067,5,1,4,0,3,1,2,1,3,0,5,1,3,0,0,1,5,0,,,,,
5046760069,2,0,5,0,1,1,0,0,5,1,0,0,4,1,3,0,4,0,,,,,
5047200012,0,1,0,0,2,1,5,1,3,1,3,1,2,1,3,0,3,1,,,,,
5047240014,5,1,5,1,3,1,0,1,1,1,3,1,3,0,3,0,1,1,,,,,
5046840024,5,1,4,1,0,1,1,0,0,1,3,0,3,0,2,1,4,1,,,,,
5047920034,1,1,1,1,4,1,4,1,4,1,4,1,4,1,5,1,3,0,,,,,
5047210138,0,1,5,1,1,1,3,1,4,0,0,1,5,0,4,1,2,0,,,,,
5046780027,3,1,4,1,2,0,5,0,3,1,0,0,0,1,3,1,1,0,,,,,
5047920093,4,1,1,1,5,0,2,1,4,0,0,0,4,0,4,1,0,1,,,,,
5046920028,4,1,1,0,1,1,0,0,0,0,0,1,1,1,3,1,3,0,,,,,
5046860006,1,1,5,0,2,0,4,0,5,1,4,1,3,1,2,1,5,1,,,,,
5046740020,3,0,5,1,3,0,1,0,4,0,5,0,2,0,2,1,3,0,,,,,
5047820041,2,1,4,1,3,0,0,1,5,0,4,0,2,0,0,1,4,0,,,,,
5041600334,3,0,0,1,2,1,5,1,3,1,5,0,3,0,5,0,2,0,,,,,
5046950025,0,0,5,0,0,1,1,0,5,0,3,0,5,0,0,0,1,1,,,,,
5046950021,2,1,2,1,3,1,4,0,3,0,0,0,4,1,5,1,2,0,,,,,
5047930040,1,1,5,1,5,1,1,0,4,1,5,1,1,1,1,0,1,1,,,,,
5046870011,2,1,0,1,3,0,0,1,5,1,0,1,1,1,4,1,5,0,,,,,
5046900132,1,0,1,0,1,0,5,1,3,0,5,1,3,0,4,1,4,0,,,,,
5047930005,4,0,3,0,0,1,2,1,0,1,5,1,2,0,0,0,3,1,,,,,
5046840001,0,0,5,0,1,1,4,0,1,1,5,0,0,1,0,0,2,0,,,,,
5046760045,2,1,4,1,1,1,2,0,1,1,0,0,0,0,3,0,5,0,,,,,
5047240047,4,1,0,0,0,1,0,0,0,0,1,0,0,0,4,1,1,0,,,,,
5047230057,0,0,2,1,3,1,4,0,4,1,2,0,3,1,2,0,3,0,,,,,
5047930128,4,0,1,0,3,1,3,0,5,0,5,0,0,0,5,0,2,1,,,,,
5047670060,4,0,4,0,1,0,0,1,5,1,2,1,1,1,3,0,3,1,,,,,
5047910046,1,0,1,1,0,0,4,1,0,0,3,0,0,1,3,0,5,0,,,,,
5047670003,1,1,1,1,0,0,3,0,3,1,5,1,5,1,0,0,2,1,,,,,
5047670036,2,1,5,0,5,0,1,0,5,0,2,0,5,0,1,0,0,0,,,,,
5040290038,1,0,0,0,5,0,2,0,3,0,1,1,2,0,2,1,5,1,,,,,
5047680048,5,1,0,1,4,0,2,0,2,1,5,1,5,1,3,0,5,1,,,,,
5047620022,2,1,0,0,2,0,1,1,4,1,1,0,1,1,4,0,0,1,,,,,
5041600054,5,1,2,0,1,1,2,0,3,0,2,1,4,1,0,0,0,0,,,,,
5047670005,1,1,4,0,1,0,3,1,4,0,0,1,3,1,1,0,1,1,,,,,
5046890027,1,0,3,0,5,0,4,0,2,0,0,0,2,1,4,1,5,0,,,,,
5046820018,0,0,3,1,0,0,1,1,5,1,5,0,3,1,1,0,2,0,,,,,
5046750018,5,0,4,0,2,0,5,1,3,1,4,0,4,0,3,0,2,1,,,,,
5046920011,2,1,5,1,4,0,1,0,1,0,0,0,5,0,2,1,3,0,,,,,
5047670090,5,1,4,0,0,1,0,1,4,0,3,0,3,0,1,0,3,0,,,,,
5046880011,1,1,2,1,1,0,5,1,2,1,1,1,3,0,0,1,3,0,,,,,
5046820117,4,1,5,1,4,1,0,0,1,0,2,0,1,0,5,0,3,1,,,,,
5046860001,3,1,2,1,4,1,5,0,1,1,3,1,2,1,2,0,2,1,,,,,
5046780030,4,1,3,0,0,1,1,0,5,1,4,1,0,0,0,0,0,1,,,,,
5046910026,5,1,4,1,2,0,4,1,4,0,3,1,5,0,4,0,0,0,,,,,
5046750007,0,0,2,1,0,1,2,0,2,0,2,1,2,1,0,0,1,1,,,,,
5047930062,3,1,1,1,2,0,0,1,2,0,5,0,3,0,5,1,0,1,,,,,
5047920114,3,1,1,1,1,1,5,0,4,1,2,0,0,1,3,0,3,1,,,,,
5046790027,3,1,5,1,3,1,2,1,5,0,3,0,4,0,0,0,4,1,,,,,
5046810001,3,0,1,1,5,0,0,0,0,1,1,1,1,0,2,0,5,0,,,,,
5047920054,1,0,4,0,0,1,1,0,2,0,5,1,5,0,2,0,2,0,,,,,
5046950018,5,0,2,0,0,0,2,1,5,1,5,0,5,0,1,1,3,1,,,,,
5046920018,2,1,1,1,0,0,2,0,3,0,4,1,3,0,2,1,4,1,,,,,
5046950002,5,1,0,0,3,1,5,0,2,1,1,1,5,1,0,0,2,0,,,,,
5041600026,0,0,4,0,5,1,4,1,2,0,4,1,0,0,2,0,3,1,,,,,
5047930080,0,0,1,1,3,1,4,1,5,0,2,0,1,1,3,1,3,0,,,,,
5047460049,0,1,1,0,4,1,5,1,0,1,5,0,0,1,5,0,4,0,,,,,
5046830010,4,0,0,1,5,0,3,1,3,1,3,0,5,0,1,0,4,0,,,,,
5047880105,4,1,4,1,5,1,0,0,1,0,2,1,4,0,4,0,3,0,,,,,
5046800032,4,1,4,0,2,0,4,0,4,1,3,0,5,1,0,0,2,0,,,,,
5046750003,2,0,0,0,2,1,2,0,3,1,2,0,3,1,3,0,4,0,,,,,
5046820007,3,1,4,0,3,1,4,0,0,0,4,0,5,0,0,0,1,1,,,,,
5046820028,5,1,1,0,2,1,3,1,4,1,5,1,1,0,1,1,0,0,,,,,
5046750001,4,0,5,1,3,0,0,0,5,0,0,1,3,0,1,1,3,1,,,,,
5046800018,0,1,4,0,0,0,3,1,1,1,1,0,3,0,1,0,5,1,,,,,
5047930057,4,1,5,0,4,1,3,0,4,1,0,0,0,0,2,1,0,1,,,,,
5048030028,2,1,4,0,0,0,1,1,3,1,3,0,5,0,5,1,2,1,,,,,
5047910061,3,0,2,1,5,1,0,1,0,0,2,0,2,1,1,1,1,1,,,,,
5047190047,0,0,5,0,0,0,1,0,3,0,0,1,0,1,4,0,4,1,,,,,
5047260047,2,1,5,1,4,0,2,1,0,1,5,1,3,1,4,1,4,1,,,,,
5047250012,3,1,4,1,3,1,3,0,0,0,5,1,3,1,1,1,0,0,,,,,
5047250022,3,1,0,1,5,0,3,0,2,0,4,0,3,0,1,0,2,1,,,,,
5047280002,1,1,2,0,5,0,1,0,4,0,5,0,3,0,2,1,5,1,,,,,
5047460088,4,1,1,1,0,1,4,0,2,0,2,0,4,0,5,1,5,1,,,,,
5047200031,4,0,1,0,0,0,5,0,0,0,3,0,1,1,2,1,3,1,,,,,
5047190042,3,0,1,0,4,0,4,1,4,1,3,1,2,0,1,0,1,0,,,,,
5047810037,0,0,0,0,3,1,4,1,0,1,0,0,1,1,0,1,5,0,,,,,
5047190059,1,0,1,1,4,1,1,0,4,1,1,0,4,0,4,1,5,1,,,,,
5046687501,4,0,4,1,0,1,5,1,2,0,2,0,4,1,2,1,2,1,,,,,
5046760035,2,0,5,0,2,1,0,0,0,1,2,1,5,0,2,1,0,1,,,,,
5046800047,5,1,5,1,0,0,4,1,5,1,2,0,0,1,2,1,2,1,,,,,
5047260035,4,0,3,1,2,0,0,0,0,1,3,0,1,0,4,0,5,1,,,,,
5046860003,5,1,1,0,4,0,0,1,2,1,4,0,3,0,5,1,4,1,,,,,
5047260016,4,0,2,0,1,1,3,0,0,0,3,1,5,1,0,1,0,0,,,,,
5047190010,3,0,4,1,2,0,2,1,2,1,4,0,2,1,0,1,3,0,,,,,
5047920048,5,0,5,1,5,1,3,1,5,0,4,0,5,0,4,0,3,0,,,,,
5047930106,4,1,2,0,0,0,1,1,1,0,0,0,4,1,5,1,4,1,,,,,
5047460015,3,1,0,1,2,1,3,0,1,1,2,0,0,0,5,0,2,1,,,,,
5047670070,5,0,0,0,4,0,5,0,1,1,5,1,4,0,3,1,2,1,,,,,
5047460095,0,1,2,1,1,0,5,0,1,1,0,1,1,0,1,0,3,1,,,,,
5047210072,0,1,1,1,0,1,1,0,4,1,3,1,0,1,3,0,4,1,,,,,
5047280012,0,0,2,0,3,0,2,1,1,0,0,0,3,1,1,0,3,1,,,,,
5046840031,2,0,1,1,2,1,3,0,4,1,3,1,1,0,3,0,2,1,,,,,
5047680075,4,0,0,0,2,0,3,1,1,1,5,0,2,1,0,1,2,0,,,,,
5047170053,2,1,4,0,2,1,0,0,3,0,2,1,0,0,2,1,5,1,,,,,
5046690030,4,1,4,1,0,0,1,1,1,1,5,0,4,0,3,0,3,1,,,,,
5046720012,3,0,2,1,1,0,4,0,4,1,5,0,0,0,4,0,1,0,,,,,
5047280040,1,1,5,0,5,0,4,1,5,1,0,0,4,0,5,1,3,0,,,,,
5047400015,2,1,3,1,0,1,1,1,2,0,0,0,3,0,1,1,4,0,,,,,
5047460106,0,1,1,0,0,0,1,0,1,1,2,1,4,1,3,1,3,0,,,,,
5047400011,5,1,1,1,2,0,3,1,0,1,0,1,0,0,5,0,3,0,,,,,
5046740003,1,1,3,1,3,0,2,1,2,0,4,1,4,1,3,0,2,1,,,,,
5047210021,5,1,5,0,0,0,5,1,4,1,3,1,1,0,3,0,1,0,,,,,
5047920063,2,0,0,1,3,1,5,1,5,1,2,0,2,0,2,1,3,1,,,,,
5047930078,0,1,0,0,4,1,0,0,2,1,5,1,1,0,2,0,2,0,,,,,
5047220073,5,0,1,1,4,1,3,1,4,0,3,1,2,1,1,0,5,1,,,,,
5047920111,0,0,4,0,1,0,5,1,5,0,1,1,0,1,2,0,3,0,,,,,
5041600034,2,0,4,1,3,1,1,1,4,0,3,1,5,0,3,0,0,0,,,,,
5047460039,3,0,1,1,3,1,4,1,1,0,2,1,5,1,0,0,4,1,,,,,
5047460036,2,0,2,1,1,0,3,0,1,0,4,0,3,0,3,0,4,1,,,,,
5046820022,0,1,3,1,3,0,0,0,3,0,4,1,3,0,5,1,2,0,,,,,
5047920049,2,1,1,0,1,1,1,0,2,1,4,0,4,0,2,0,0,1,,,,,
5047910073,2,0,3,0,0,0,3,1,0,0,2,1,4,1,0,1,3,1,,,,,
5046790029,0,0,1,0,5,1,2,1,4,0,2,1,1,0,3,0,5,0,,,,,
5046840028,4,0,5,1,2,1,0,1,0,0,0,1,1,0,3,0,0,0,,,,,
5047540031,3,0,4,0,3,0,1,1,0,1,1,1,0,0,1,1,0,0,,,,,
5047580011,2,1,1,0,5,0,0,1,4,1,5,0,3,1,1,1,1,0,,,,,
5046830007,0,0,0,1,1,0,4,0,3,1,5,0,1,0,0,1,5,0,,,,,
5047170059,2,0,2,0,0,0,5,0,1,1,2,1,3,1,1,1,4,1,,,,,
5047920078,5,1,4,0,4,0,1,1,1,0,5,1,4,1,3,1,5,1,,,,,
5047930033,3,0,1,1,5,1,2,1,0,1,0,1,4,1,0,1,2,1,,,,,
5047200040,5,0,2,1,2,0,4,0,3,1,4,0,2,0,1,1,4,0,,,,,
5046790009,4,0,3,0,5,1,3,1,4,1,3,0,2,1,1,1,0,0,,,,,
5046840030,4,0,2,1,3,0,1,1,0,1,0,0,4,1,4,1,3,0,,,,,
5047920209,5,1,2,1,3,1,1,1,2,0,4,1,0,0,3,0,0,1,,,,,
5047680082,2,0,0,0,4,1,5,0,0,1,5,1,0,1,2,0,2,0,,,,,
5047260011,2,0,2,1,0,0,3,1,2,0,1,0,3,0,2,1,5,1,,,,,
5047200039,2,1,3,0,0,1,3,0,3,1,5,0,3,1,5,0,4,1,,,,,
5047240061,0,1,3,1,1,0,2,1,4,0,4,0,3,1,3,0,4,1,,,,,
5046840016,4,0,3,1,4,0,3,1,4,0,2,0,3,0,5,0,4,0,,,,,
5047920101,0,1,4,0,2,1,4,1,0,1,1,1,2,1,1,1,4,0,,,,,
5046910018,5,0,0,1,3,0,1,1,4,0,1,1,1,1,3,1,1,0,,,,,
5046910027,3,0,2,0,5,1,0,0,1,1,4,0,5,0,5,1,3,1,,,,,
5047930026,5,1,1,0,1,1,5,0,4,0,3,0,0,1,2,0,2,1,,,,,
5046870003,5,0,2,0,2,1,0,0,5,1,4,1,2,1,2,1,4,0,,,,,
5046880026,5,0,3,1,5,1,1,0,4,1,3,0,5,1,1,1,4,0,,,,,
5046900133,5,1,4,1,5,1,0,0,1,0,3,0,3,1,4,0,3,1,,,,,
5047930054,0,1,2,0,1,1,2,1,4,0,3,0,5,1,2,1,1,1,,,,,
5047920041,2,1,4,0,4,0,5,1,3,1,0,0,3,1,0,1,0,1,,,,,
5046760071,2,0,4,0,2,0,3,0,4,0,2,1,2,1,2,0,5,0,,,,,
5046790036,3,1,3,0,4,1,5,1,5,0,1,1,2,1,3,1,3,1,,,,,
5046870008,1,1,2,0,5,1,2,1,0,0,4,1,5,1,0,1,5,0,,,,,
5047210030,5,1,3,1,0,0,1,1,4,0,5,1,1,0,2,0,5,1,,,,,
5046840022,4,0,2,0,4,0,0,0,5,1,3,0,3,1,4,1,4,0,,,,,
5047910054,2,1,1,0,1,1,1,0,2,0,5,0,1,0,2,0,5,0,,,,,
5047370007,1,0,4,1,5,0,2,1,1,1,0,0,4,0,1,0,0,1,,,,,
5047910091,2,0,5,1,5,0,0,0,3,0,1,1,0,1,0,0,2,1,,,,,
5047670059,2,1,2,0,1,1,5,1,3,0,0,1,2,0,0,1,0,1,,,,,
5047620255,4,0,5,0,3,0,0,0,2,1,4,0,1,0,0,0,0,1,,,,,
5047230010,5,1,0,0,5,0,5,1,0,1,0,0,2,1,0,0,0,0,,,,,
5047280014,5,1,4,1,1,0,0,1,2,1,5,1,2,1,1,0,2,0,,,,,
5047380013,1,0,0,1,0,1,2,1,3,0,1,0,0,0,2,1,5,1,,,,,
5047280123,3,1,3,0,5,0,0,1,2,1,3,0,3,1,2,0,0,0,,,,,
5047250007,1,1,0,0,4,0,5,0,1,1,5,0,4,0,5,1,3,1,,,,,
5047280118,5,0,3,0,1,1,0,1,2,1,3,0,3,1,0,1,2,0,,,,,
5046730048,5,1,2,1,5,0,2,0,5,0,5,1,3,0,0,1,2,0,,,,,
5046690012,4,0,4,1,4,1,0,0,2,1,3,1,4,0,1,1,4,0,,,,,
5047670004,0,0,4,0,3,1,5,1,0,0,5,1,5,0,5,0,1,1,,,,,
5047180054,0,0,5,1,3,1,4,1,2,1,2,1,1,1,5,0,2,0,,,,,
5047260033,2,1,3,1,4,0,4,0,3,0,2,1,4,1,2,1,1,0,,,,,
5047220060,3,0,0,1,3,0,0,0,0,0,0,0,1,0,3,1,0,0,,,,,
5047260004,3,1,1,0,5,0,3,1,5,1,0,0,3,1,3,1,2,0,,,,,
5047250016,5,1,2,0,0,1,3,0,5,1,5,1,5,1,5,0,1,0,,,,,
5047240045,4,0,2,0,3,1,4,0,5,1,0,0,4,0,0,1,1,1,,,,,
5047930076,0,0,2,0,3,1,4,1,2,0,1,1,3,1,1,1,1,0,,,,,
5046730041,4,0,2,1,5,0,0,1,3,0,5,1,3,0,3,1,4,1,,,,,
5047280109,2,1,2,0,3,1,2,1,5,1,2,0,1,0,3,1,2,1,,,,,
5047240002,2,0,4,1,5,1,3,0,5,0,0,1,4,0,1,0,4,1,,,,,
5047580015,1,1,3,1,3,1,2,0,5,1,0,0,3,0,2,1,3,0,,,,,
5047460092,2,0,0,0,0,0,4,0,1,0,2,0,5,0,1,0,2,0,,,,,
5047460069,4,0,2,0,1,0,0,0,1,1,0,1,1,0,5,1,5,1,,,,,
5047240007,1,1,1,0,0,1,5,0,4,1,5,1,0,0,0,1,2,0,,,,,
5047230050,0,1,2,0,5,0,4,0,0,1,3,0,5,1,3,1,2,1,,,,,
5047250019,0,1,2,1,2,1,4,1,4,1,3,1,0,1,1,1,3,0,,,,,
5047240059,5,1,1,0,3,1,5,1,1,0,2,1,0,1,2,0,5,1,,,,,
5047250011,3,1,4,0,3,0,2,1,4,0,5,0,0,0,4,1,1,0,,,,,
5047240042,0,1,5,0,4,0,3,1,1,0,0,0,5,1,3,1,5,0,,,,,
5046730027,3,0,4,1,0,1,3,1,2,1,0,1,1,1,1,0,0,0,,,,,
5046720023,4,1,2,0,3,1,2,0,4,1,2,1,2,1,0,1,1,0,,,,,
5047930049,2,1,5,0,4,0,5,0,5,1,5,0,2,0,5,1,5,1,,,,,
5047920084,2,0,4,1,2,1,4,1,3,0,1,1,0,0,1,1,1,1,,,,,
5046920033,0,1,5,0,5,1,2,1,5,1,1,1,2,1,1,1,2,0,,,,,
5046950012,1,0,0,0,0,1,0,1,3,1,5,0,4,1,1,0,3,0,,,,,
5046690010,0,1,2,1,3,0,2,0,4,1,3,1,5,0,5,1,3,0,,,,,
5047280126,2,1,0,0,3,0,4,1,4,0,3,0,2,1,2,1,0,1,,,,,
5047920124,2,1,3,0,5,0,3,0,0,1,2,1,3,0,0,0,1,0,,,,,
5046900131,5,0,3,1,2,0,1,0,0,1,5,0,1,1,3,0,5,1,,,,,
5047190028,1,0,1,0,3,1,2,0,4,1,4,1,3,1,5,1,3,0,,,,,
5046910034,2,0,1,1,4,1,2,1,1,1,2,1,5,0,2,1,4,0,,,,,
5046800001,3,0,5,1,0,1,0,0,5,1,2,0,1,0,2,0,1,1,,,,,
5047190023,3,0,5,0,0,1,4,0,3,1,3,0,5,1,1,0,3,0,,,,,
5047200001,3,0,2,0,3,1,4,1,2,1,0,1,3,1,4,0,5,1,,,,,
5047230021,0,1,1,0,5,0,4,0,4,0,0,1,0,1,0,0,2,1,,,,,
5046740034,5,0,0,0,1,1,2,1,0,1,2,0,2,1,1,0,2,0,,,,,
5046890016,4,1,1,0,0,0,3,0,4,0,1,1,1,0,4,1,2,1,,,,,
5046750005,3,1,3,1,3,0,2,0,1,1,0,1,5,1,1,1,2,1,,,,,
5047930025,5,1,0,0,1,1,3,1,0,1,3,1,4,0,4,1,4,1,,,,,
5046790019,1,1,2,1,3,0,5,0,0,1,5,0,2,0,3,1,5,0,,,,,
5047180029,3,0,3,0,5,1,4,1,3,0,2,1,5,0,0,1,0,1,,,,,
5046740031,4,0,2,0,4,1,1,1,1,0,0,0,1,1,1,1,4,1,,,,,
5047170045,2,1,4,0,5,0,3,0,1,1,3,0,1,0,1,0,0,0,,,,,
5047670081,3,1,0,1,4,1,2,0,1,1,5,0,0,0,1,0,1,1,,,,,
5046760037,4,1,1,0,4,1,3,0,0,0,3,1,1,0,0,1,1,0,,,,,
5046820023,5,0,2,0,1,1,0,1,5,1,5,1,1,0,4,1,3,0,,,,,
5047180016,3,0,1,0,1,0,0,1,4,0,1,1,5,1,1,1,0,1,,,,,
5048030023,0,0,0,1,2,1,0,1,4,0,4,1,3,1,1,0,0,1,,,,,
5046900126,3,1,5,1,4,1,2,1,5,0,2,1,3,0,5,0,0,0,,,,,
5046810011,2,1,5,0,1,1,4,0,5,1,2,1,5,0,3,1,5,1,,,,,
5041600031,2,1,2,0,4,1,4,0,4,1,0,1,3,0,4,0,4,0,,,,,
5047930042,4,0,0,1,2,1,2,0,5,0,0,0,4,1,2,1,3,1,,,,,
5046840002,5,0,4,0,5,1,2,0,2,1,4,0,0,0,2,1,1,0,,,,,
5047190035,3,1,3,1,4,1,2,0,5,1,3,1,4,1,2,1,5,1,,,,,
5047820040,4,1,3,1,1,1,4,1,3,0,1,0,2,1,3,1,5,1,,,,,
5047460099,4,1,4,0,5,0,1,1,1,0,2,1,3,1,5,1,1,1,,,,,
5047230029,2,1,1,0,2,0,3,0,5,1,3,1,2,1,1,1,3,1,,,,,
5047620002,1,1,0,0,2,1,4,1,5,1,0,1,3,1,5,0,0,1,,,,,
5047620030,5,1,1,0,1,1,1,1,5,0,0,0,3,0,3,1,2,1,,,,,
5048020094,4,1,2,0,2,0,3,0,2,0,0,1,0,0,4,1,0,1,,,,,
5046800013,3,0,0,1,2,1,3,0,3,0,5,0,5,1,2,0,2,0,,,,,
5047610008,1,0,0,1,0,1,3,0,3,1,5,0,3,0,0,1,2,0,,,,,
5047200022,3,1,4,1,1,0,0,0,5,1,2,0,2,0,2,0,5,0,,,,,
5047930070,3,1,2,0,2,0,2,1,0,0,3,1,3,1,0,1,1,0,,,,,
5047670025,3,1,1,0,5,1,2,1,1,1,4,1,4,0,3,0,4,0,,,,,
5047460075,1,1,0,1,4,1,0,0,3,0,1,0,0,1,3,1,5,0,,,,,
5047190011,1,1,5,0,1,1,3,1,3,1,4,1,2,1,3,0,3,0,,,,,
5047930058,1,1,1,0,2,1,4,1,3,0,2,1,1,0,5,1,0,1,,,,,
5047930092,2,1,0,0,3,1,2,1,2,1,3,0,1,0,1,1,0,1,,,,,
5047460111,3,0,0,1,5,0,1,0,3,0,0,0,0,1,2,0,3,1,,,,,
5047190002,0,0,0,1,2,1,3,0,4,0,4,0,4,1,1,1,1,1,,,,,
5047190060,1,0,2,1,0,0,2,0,2,0,3,0,4,0,3,1,5,0,,,,,
5047920090,5,1,4,0,3,0,0,0,3,1,2,0,4,1,0,1,1,0,,,,,
5047190008,4,1,1,1,5,1,3,0,0,0,5,1,4,0,5,1,1,0,,,,,
5048020021,2,0,0,0,0,1,5,1,5,0,0,0,1,0,3,1,2,0,,,,,
5047580012,3,1,2,1,3,1,2,0,0,0,4,1,1,1,5,0,2,0,,,,,
5048030112,2,1,3,1,0,0,1,0,3,1,0,1,1,0,0,1,2,1,,,,,
5047200006,1,1,0,0,1,1,5,0,1,1,0,1,3,0,5,0,4,1,,,,,
5047460113,3,0,1,1,5,1,0,0,3,1,3,1,3,0,3,1,1,0,,,,,
5048030106,1,1,5,0,3,0,3,1,0,0,2,0,5,1,0,1,5,1,,,,,
5047930067,5,0,4,0,3,0,1,0,3,0,2,1,5,1,4,0,0,1,,,,,
5047920068,4,1,0,0,2,1,1,1,1,0,2,1,0,0,1,1,5,1,,,,,
5046760031,1,1,5,1,1,1,4,0,2,0,2,0,2,0,2,0,2,0,,,,,
5047230015,5,0,1,0,2,1,2,0,3,0,1,0,2,1,4,0,0,0,,,,,
5046760055,0,0,4,0,2,1,5,1,3,0,0,0,4,0,2,0,5,0,,,,,
5047620033,5,1,1,0,5,1,1,0,5,1,5,0,5,1,5,0,1,0,,,,,
5047540067,4,0,1,0,5,0,2,1,3,0,5,1,0,1,1,0,0,0,,,,,
5047380003,3,1,1,0,4,0,3,0,4,1,3,1,0,0,2,0,2,0,,,,,
5047920206,4,1,2,1,3,0,4,0,2,1,0,0,3,1,5,1,0,0,,,,,
5047920092,2,1,3,1,1,0,3,0,4,0,1,0,1,0,0,0,4,1,,,,,
5047910052,0,1,2,1,0,1,2,1,4,0,2,1,1,1,2,1,4,1,,,,,
5047540071,3,0,1,0,3,1,5,1,5,0,5,0,5,0,3,1,5,1,,,,,
5047180040,4,1,4,0,1,0,3,0,0,1,1,1,4,1,1,1,4,0,,,,,
5046840012,5,0,4,0,5,0,4,1,3,1,1,0,3,1,5,0,4,0,,,,,
5047670016,3,1,3,1,0,1,1,1,4,0,5,0,2,1,0,0,2,0,,,,,
5046820029,1,1,1,1,1,1,0,0,3,1,1,1,4,0,3,0,5,1,,,,,
5047670054,3,1,5,0,1,0,2,0,4,0,3,1,2,1,2,0,4,1,,,,,
5047540059,3,1,2,1,3,0,2,0,0,0,3,0,3,1,5,0,0,0,,,,,
5046780035,5,0,3,0,1,1,4,0,5,1,5,0,4,1,3,1,2,1,,,,,
5047920201,4,1,2,0,0,1,0,1,0,1,4,0,0,0,0,0,5,0,,,,,
5048020090,5,0,1,1,3,1,4,0,5,1,0,1,2,0,4,1,4,1,,,,,
5047670026,2,0,5,1,5,1,5,1,5,0,1,1,3,1,3,1,5,0,,,,,
5047230052,1,1,0,0,5,1,3,1,1,1,5,0,1,0,4,0,1,1,,,,,
5047190001,0,0,1,0,5,1,2,0,1,1,5,0,3,0,2,0,1,1,,,,,
5047190031,3,1,3,1,5,0,5,1,3,0,2,0,4,1,1,0,5,1,,,,,
5046750021,0,1,0,1,4,1,5,1,2,0,4,0,1,1,3,0,5,0,,,,,
5046940001,2,0,1,0,0,0,2,0,0,1,4,1,5,0,2,0,3,0,,,,,
5047930017,2,0,3,0,5,0,3,1,4,0,4,1,1,0,4,1,0,0,,,,,
5046860002,1,1,0,0,0,0,2,0,3,0,0,0,0,0,1,1,4,0,,,,,
5046900122,3,1,3,1,2,0,3,1,4,0,2,1,2,0,3,0,2,0,,,,,
5047920072,1,1,4,0,3,1,1,0,3,1,0,1,5,0,3,0,1,1,,,,,
5046950011,0,1,5,1,0,0,4,0,2,1,5,1,0,0,1,1,3,1,,,,,
5046730024,5,1,1,0,0,1,3,1,1,0,2,1,3,1,1,0,4,1,,,,,
5047930053,0,0,5,0,1,1,3,1,3,0,5,0,5,0,0,1,4,0,,,,,
5047930050,5,0,1,0,3,0,2,0,3,0,4,1,4,1,5,0,3,1,,,,,
5047200003,1,0,0,0,5,0,0,1,3,1,2,0,1,1,0,0,2,1,,,,,
5047190055,0,1,5,0,5,0,1,1,2,0,0,1,4,0,1,1,4,0,,,,,
5046790001,5,1,4,1,0,1,5,1,5,0,3,1,0,0,3,0,3,0,,,,,
5047920045,0,0,3,0,1,1,3,1,5,0,2,0,3,0,0,0,4,1,,,,,
5046880035,4,1,1,0,0,1,4,1,4,0,5,0,1,1,2,0,0,0,,,,,
5046880028,3,0,4,0,5,0,0,1,1,1,4,0,4,1,2,1,4,1,,,,,
5047180018,4,1,5,1,5,1,5,0,1,1,3,1,2,1,3,1,5,1,,,,,
5047910066,2,1,4,0,1,0,1,1,1,0,4,1,4,0,0,0,3,1,,,,,
5047820039,2,1,5,0,0,0,2,0,4,1,1,1,0,1,2,0,4,1,,,,,
5047920039,1,0,3,0,5,1,1,1,1,1,2,1,3,1,1,1,1,1,,,,,
5047880200,1,0,3,0,0,1,3,1,4,1,3,1,0,1,0,1,0,1,,,,,
5047280052,1,0,0,0,0,0,1,0,4,1,4,1,2,0,1,0,1,1,,,,,
5040300022,0,1,2,1,5,0,5,0,4,0,3,1,4,0,0,1,0,0,,,,,
5046940034,2,0,0,1,5,1,1,1,2,0,5,1,0,1,3,0,0,0,,,,,
5047930037,0,1,2,1,2,1,0,0,2,0,4,0,1,0,2,1,5,1,,,,,
5046800017,0,0,4,1,3,1,4,1,2,1,4,0,3,1,5,0,3,0,,,,,
5047180006,5,1,4,1,5,1,0,0,4,1,1,0,1,1,1,1,3,0,,,,,
5047280038,4,1,0,0,1,0,2,0,2,0,0,1,4,1,2,1,1,1,,,,,
5047920028,5,0,4,1,0,0,0,0,4,1,1,1,1,1,2,1,0,0,,,,,
5047240013,4,0,0,1,2,0,2,1,3,1,1,0,1,1,0,0,1,0,,,,,
5040300006,2,1,4,1,5,0,1,1,2,0,4,0,0,0,0,1,2,1,,,,,
5047930002,0,0,5,1,0,0,5,1,0,1,4,1,0,0,2,0,5,1,,,,,
5046730031,5,1,3,0,3,1,0,0,4,0,3,0,5,0,0,1,2,1,,,,,
5046870007,3,1,4,0,3,0,3,1,5,0,3,0,2,0,1,1,1,1,,,,,
5047590009,0,1,0,0,4,0,1,0,1,0,3,1,0,1,2,1,0,1,,,,,
5046810014,2,1,0,0,2,1,0,0,0,0,0,1,4,1,1,0,4,1,,,,,
5047210058,0,0,3,0,2,0,3,1,2,0,5,1,3,1,0,1,0,0,,,,,
5046790022,0,0,3,1,2,0,4,1,2,0,1,0,0,0,2,1,4,1,,,,,
5046830028,3,0,2,1,5,1,4,0,4,1,5,1,3,0,1,0,2,1,,,,,
5047930110,4,0,4,1,3,1,2,0,5,1,1,1,4,1,0,1,4,1,,,,,
5046820030,1,1,5,0,2,1,4,1,4,0,3,1,5,0,3,0,2,1,,,,,
5046760049,4,1,5,0,0,0,2,0,0,0,2,0,2,0,5,1,3,0,,,,,
5046810034,1,1,5,1,0,1,0,0,4,0,2,0,0,1,1,1,4,0,,,,,
5047810046,5,1,0,1,3,1,3,0,5,0,4,0,4,1,4,0,0,0,,,,,
5047280006,4,0,0,1,0,1,3,1,4,0,5,1,2,0,4,1,4,1,,,,,
5047360006,2,0,0,1,5,1,5,1,1,1,3,0,4,0,1,1,4,0,,,,,
5046870009,3,0,5,1,1,1,1,1,1,1,1,1,1,1,3,0,5,0,,,,,
5047750001,3,0,4,1,0,0,3,1,5,0,4,0,4,1,5,1,2,1,,,,,
5047190015,2,0,1,1,5,0,2,1,3,1,2,1,4,0,0,0,3,1,,,,,
5047260021,2,0,1,1,0,1,1,0,1,1,3,0,1,0,1,0,5,1,,,,,
5047230019,5,1,1,0,5,1,4,0,3,1,3,1,3,0,1,1,2,0,,,,,
5047230001,4,0,4,0,5,0,2,0,2,1,5,0,0,0,4,0,4,0,,,,,
5047250042,1,0,2,1,1,0,1,0,1,1,4,1,0,0,5,0,2,0,,,,,
5047620029,2,0,1,0,1,1,4,1,1,1,4,1,1,1,2,0,5,1,,,,,
5047670028,3,1,4,0,2,0,2,1,0,0,3,1,1,1,2,0,5,0,,,,,
5047920069,3,1,4,0,4,0,3,1,3,0,1,1,2,1,0,1,5,0,,,,,
5047930068,1,0,5,1,1,0,0,0,4,0,2,1,4,0,5,1,2,1,,,,,
5047920058,2,1,1,1,5,1,0,1,4,1,0,0,5,0,3,0,0,1,,,,,
5046950019,0,1,5,1,4,1,4,1,5,0,1,1,2,1,4,1,1,0,,,,,
5041600329,2,1,2,1,2,0,0,1,1,1,3,0,4,1,5,0,1,0,,,,,
5047250006,5,1,1,1,4,0,2,1,1,1,1,0,5,1,1,0,3,1,,,,,
5046820006,0,0,1,0,0,0,0,0,2,0,5,1,2,1,0,0,2,1,,,,,
5047280107,0,0,2,1,4,1,4,0,4,0,3,1,1,1,5,1,4,1,,,,,
5047280028,5,0,4,0,4,1,2,0,0,0,1,1,4,0,3,0,3,1,,,,,
5047590017,3,1,3,0,1,0,1,1,0,1,0,1,1,1,5,1,1,1,,,,,
5047670020,0,0,3,0,1,1,0,0,3,1,5,0,1,1,1,1,3,0,,,,,
5047260028,5,0,5,1,4,0,3,1,1,1,1,1,3,0,1,0,0,0,,,,,
5047230031,0,0,3,0,0,1,2,1,4,0,2,1,4,0,0,1,3,1,,,,,
5047240037,2,0,4,0,3,1,0,0,1,1,1,1,4,1,2,1,5,1,,,,,
5046740033,0,1,1,0,3,0,0,0,1,1,0,0,3,1,0,1,5,0,,,,,
5046880009,2,0,2,1,0,1,4,1,4,1,3,1,3,1,0,0,3,1,,,,,
5046730047,5,1,1,0,4,1,4,1,0,0,5,0,5,1,0,0,3,1,,,,,
5046740005,3,0,3,1,5,0,1,1,3,1,2,0,4,0,4,0,1,1,,,,,
5047540023,4,1,5,0,4,0,0,1,5,1,1,1,1,0,1,0,2,1,,,,,
5047540038,1,1,5,0,2,1,2,0,2,1,2,1,3,1,2,0,0,0,,,,,
5046900114,3,0,5,0,3,0,5,1,1,1,0,0,4,1,5,0,3,0,,,,,
5046940028,0,1,1,1,5,1,3,1,4,0,2,0,2,1,1,1,0,1,,,,,
5046790040,2,1,2,0,5,0,1,0,4,1,0,0,4,1,0,1,5,0,,,,,
5046840103,0,1,2,1,1,1,5,1,3,1,5,1,0,1,4,0,1,1,,,,,
5046800034,1,1,3,0,5,0,4,1,5,0,2,0,0,1,2,1,3,1,,,,,
5040290035,5,1,4,1,0,1,3,0,1,0,1,0,1,0,5,0,5,1,,,,,
5040290033,1,0,0,0,1,1,0,1,0,0,4,1,3,0,2,0,0,1,,,,,
5046830003,3,0,2,0,5,0,0,0,5,1,4,1,1,1,1,0,1,1,,,,,
5046760039,3,0,3,1,0,1,4,0,0,0,1,0,3,1,5,0,4,0,,,,,
5046880001,0,1,5,0,5,0,0,0,1,0,3,1,3,1,2,0,1,1,,,,,
5041600010,4,1,5,1,0,1,3,0,0,0,1,1,5,1,2,0,2,0,,,,,
5040300010,0,1,4,1,0,1,4,0,0,0,1,1,4,1,4,1,4,0,,,,,
5040300015,0,1,4,1,4,0,0,1,4,0,3,0,1,0,1,0,5,0,,,,,
5046870018,0,0,0,0,1,0,2,1,4,1,0,0,0,1,2,0,0,0,,,,,
5046840102,4,1,5,1,1,1,3,1,0,0,4,1,3,0,2,1,1,1,,,,,
5047920071,3,0,5,1,0,0,4,0,3,0,4,1,4,0,0,1,3,1,,,,,
5047930077,2,1,3,0,0,0,3,1,0,1,1,1,5,0,4,1,2,0,,,,,
5046800038,1,1,1,1,1,1,1,1,2,0,3,1,2,0,0,0,1,0,,,,,
5047390009,3,0,3,0,5,0,3,1,4,0,0,0,0,1,2,1,0,1,,,,,
5047240003,0,0,1,1,4,1,5,0,0,0,2,1,0,0,1,1,4,0,,,,,
5047280112,3,0,4,1,4,0,3,1,3,0,5,1,3,1,5,1,1,0,,,,,
5047400009,2,0,1,0,0,1,3,0,4,1,2,0,4,0,2,1,1,0,,,,,
5047230060,3,1,2,1,0,1,1,1,5,0,1,0,1,0,3,1,3,0,,,,,
5046900130,1,1,1,1,4,1,0,0,4,0,3,0,0,0,3,1,3,1,,,,,
5047220071,0,1,5,1,4,1,3,1,1,1,1,1,3,0,3,0,1,0,,,,,
5047240036,3,0,5,0,4,0,4,0,5,0,0,0,0,0,4,0,3,1,,,,,
5047680086,5,1,0,0,4,1,3,0,2,0,4,1,4,0,0,0,3,1,,,,,
5046900112,3,1,5,1,1,1,1,1,4,0,4,0,2,1,1,1,5,0,,,,,
5047370001,0,0,0,0,3,0,2,1,4,1,3,0,0,0,1,1,3,1,,,,,
5047280050,0,0,5,1,3,0,5,1,1,1,4,1,2,1,5,0,5,1,,,,,
5047230046,4,0,5,0,1,0,3,0,2,0,2,1,4,0,2,0,2,0,,,,,
5046730043,0,0,3,1,0,0,3,0,0,0,4,0,2,1,0,0,4,0,,,,,
5047240012,1,1,5,0,5,0,2,1,2,0,1,0,4,1,1,1,1,1,,,,,
5047190021,5,0,0,0,2,1,3,0,1,1,3,0,3,1,3,0,3,0,,,,,
5047230022,3,0,1,0,5,1,2,1,5,1,4,0,2,1,2,0,4,0,,,,,
5047910084,1,1,2,1,5,1,4,1,2,1,5,0,4,0,1,0,3,0,,,,,
5046680027,0,0,5,0,1,0,2,0,3,1,5,1,4,1,1,1,5,1,,,,,
5047190063,0,0,2,0,4,0,2,1,2,1,2,0,1,1,3,1,4,0,,,,,
5047240033,2,0,1,0,4,1,3,1,3,1,0,1,5,1,2,0,5,0,,,,,
5047230027,2,1,1,0,1,0,4,0,4,0,4,1,0,0,3,1,3,0,,,,,
5047540027,0,1,5,1,1,1,3,1,1,0,5,0,3,0,4,1,4,0,,,,,
5047190048,4,0,4,0,0,1,3,1,0,0,0,1,4,0,4,0,0,1,,,,,
5047220052,3,1,3,1,2,1,3,1,4,1,3,1,3,0,4,1,3,1,,,,,
5047260006,0,1,2,0,5,1,1,1,2,1,1,0,1,0,4,1,1,0,,,,,
5047400024,1,0,0,1,1,1,4,0,4,0,5,0,2,1,2,1,3,0,,,,,
5046840023,4,0,1,1,0,0,1,0,5,1,2,0,2,1,2,1,0,1,,,,,
5047230003,4,0,3,0,1,1,4,1,1,1,2,0,3,0,3,1,0,0,,,,,
5046720021,5,1,0,0,3,0,1,0,5,1,2,1,4,0,5,0,1,0,,,,,
5047600012,3,0,0,0,4,0,3,0,5,1,2,0,1,0,3,0,3,0,,,,,
5047260012,4,0,0,0,3,1,3,0,1,1,4,0,5,0,3,0,3,0,,,,,
5047230033,5,0,1,0,3,1,0,0,5,1,0,0,0,1,4,1,0,0,,,,,
5047460016,2,0,5,0,4,1,4,0,3,1,5,1,4,0,1,1,4,0,,,,,
5041600038,2,1,5,1,0,0,3,0,3,1,0,1,5,0,2,1,4,0,,,,,
5046720027,2,1,0,0,3,0,1,0,5,1,1,1,4,1,2,0,0,1,,,,,
5046730044,5,0,4,0,3,0,5,1,5,1,0,1,3,1,5,1,5,1,,,,,
5047810020,5,1,5,0,0,0,2,1,0,0,5,1,5,1,2,1,3,0,,,,,
5046730021,2,0,1,1,5,0,3,0,0,1,4,1,1,1,3,1,4,1,,,,,
5046740017,3,0,3,0,3,1,4,1,3,0,0,0,4,1,4,1,0,0,,,,,
5047930088,5,0,1,0,2,1,0,0,5,1,4,1,1,0,3,0,2,1,,,,,
5047230058,2,0,5,1,4,0,0,1,5,0,0,0,5,1,1,1,4,1,,,,,
5047460104,4,1,3,1,1,0,5,0,4,1,4,1,2,1,1,0,4,1,,,,,
5046740015,1,1,0,0,3,1,4,1,2,1,1,1,5,1,3,1,1,0,,,,,
5047460013,0,0,0,0,1,0,4,0,1,1,4,0,0,0,4,0,3,1,,,,,
5046740035,0,0,2,1,0,1,4,1,1,1,1,1,5,0,0,1,5,0,,,,,
5047540001,3,1,2,1,4,1,1,0,0,1,3,1,3,1,2,1,4,0,,,,,
5047580019,0,0,5,1,5,0,5,1,2,1,4,0,1,0,4,0,3,0,,,,,
5046720024,4,0,5,1,1,1,3,0,4,0,5,1,3,1,5,1,0,0,,,,,
5046690013,3,0,3,1,2,0,3,0,3,1,5,1,0,1,0,0,3,0,,,,,
5047280031,3,1,0,0,3,1,2,0,5,1,0,1,1,0,0,0,0,0,,,,,
5041600041,5,1,0,1,0,1,4,1,1,0,3,0,0,0,3,1,4,1,,,,,
5041600018,3,0,0,1,3,1,4,0,0,1,2,1,4,0,4,1,5,0,,,,,
5046690034,1,1,3,1,4,1,1,0,4,1,3,0,0,0,3,1,4,1,,,,,
5046900128,1,0,1,0,2,0,5,0,3,1,0,1,3,1,5,0,2,0,,,,,
5047210085,4,1,3,0,0,0,0,0,1,0,0,1,1,0,5,1,0,0,,,,,
5047200020,2,1,4,1,0,1,1,0,5,0,4,0,2,1,3,1,2,1,,,,,
5040300016,3,1,3,0,3,0,2,1,2,0,4,1,0,0,5,1,4,1,,,,,
5047250025,0,0,2,0,1,0,1,1,2,0,5,1,2,0,0,0,2,1,,,,,
5047920083,1,1,4,1,4,0,2,0,1,0,5,0,1,1,3,0,0,0,,,,,
5046940025,1,0,1,0,4,0,1,0,3,1,3,1,5,0,1,0,1,1,,,,,
5046930003,0,0,3,0,0,0,4,1,3,1,2,1,2,1,3,0,2,1,,,,,
5047460089,2,1,5,0,2,1,3,1,1,0,0,0,1,0,2,1,1,1,,,,,
5047190050,5,0,0,0,2,0,1,1,1,1,1,1,5,0,5,1,1,1,,,,,
5046810008,2,0,2,1,2,1,2,0,3,1,2,0,0,0,1,0,4,1,,,,,
5047920121,4,0,0,0,3,1,0,1,5,0,5,1,1,0,1,1,4,1,,,,,
5046900135,4,0,1,1,0,0,3,1,0,1,4,0,1,0,4,0,3,1,,,,,
5047930096,2,0,5,1,0,1,2,0,4,0,4,1,1,1,0,0,0,0,,,,,
5047170051,4,1,3,1,4,0,0,1,0,1,2,0,2,1,0,1,4,0,,,,,
5047190051,0,1,1,1,4,0,3,0,0,0,1,1,5,1,3,1,4,1,,,,,
5047220050,5,1,2,1,3,1,4,0,1,1,3,0,1,0,5,0,5,0,,,,,
5046800040,3,0,3,0,3,1,0,0,2,0,1,1,2,0,0,0,5,1,,,,,
5046840003,5,0,5,0,4,0,2,0,0,1,4,1,0,0,5,0,1,1,,,,,
5047280135,3,0,1,0,5,1,3,1,4,1,0,1,5,1,2,0,1,0,,,,,
5047230030,3,0,1,0,2,1,2,0,1,0,3,1,5,0,3,0,5,1,,,,,
5047920210,4,1,3,1,3,0,1,0,2,0,2,1,1,0,1,1,0,1,,,,,
5046890019,2,0,2,0,4,0,3,0,4,0,0,0,0,1,1,1,3,1,,,,,
5047230025,5,0,4,1,4,0,1,1,1,1,4,0,5,0,3,1,2,0,,,,,
5047220054,1,1,4,1,3,0,5,0,1,1,0,1,2,0,1,0,4,1,,,,,
5047400035,2,0,3,1,2,1,3,0,3,0,0,1,2,1,3,0,2,0,,,,,
5046760021,5,0,2,1,2,1,2,0,1,1,4,1,1,1,3,1,3,1,,,,,
5046820009,5,0,3,1,5,1,0,1,5,0,4,1,1,0,3,1,3,0,,,,,
5047250038,2,1,5,0,2,0,0,1,0,1,2,0,2,0,1,1,2,1,,,,,
5046870022,0,1,5,0,0,1,3,1,5,1,0,1,2,1,5,0,1,0,,,,,
5046750032,3,0,4,1,2,0,2,0,3,1,5,0,5,0,0,1,3,0,,,,,
5046790020,2,0,3,1,3,1,4,0,4,1,2,1,0,0,4,1,1,1,,,,,
5046900111,3,0,5,1,1,0,3,1,1,0,3,0,3,0,3,1,3,0,,,,,
5047930074,3,1,1,1,2,1,4,1,1,1,3,1,4,0,5,1,2,1,,,,,
5040300004,3,1,4,1,2,0,2,0,1,0,3,1,1,0,4,0,0,0,,,,,
5046910031,0,1,0,0,0,1,2,1,4,0,1,0,4,0,2,0,5,1,,,,,
5046680008,0,1,2,1,4,0,2,1,2,0,5,1,2,1,3,0,0,1,,,,,
5047400007,4,1,2,0,2,1,1,1,1,0,4,1,3,0,3,1,4,1,,,,,
5047540085,3,1,3,0,4,1,3,1,0,0,1,0,4,0,3,1,5,0,,,,,
5047280121,2,1,0,1,0,0,5,0,5,1,3,1,5,1,5,0,0,0,,,,,
5047220074,2,1,0,1,1,1,5,1,5,0,2,0,4,1,4,0,3,1,,,,,
5047240008,0,1,4,0,0,1,5,1,1,0,2,1,3,0,3,1,1,1,,,,,
5047260026,3,1,1,0,3,1,2,1,1,1,3,1,4,1,2,0,0,0,,,,,
5046840008,4,0,0,0,3,1,0,1,0,1,2,0,4,1,3,0,1,0,,,,,
5047930075,3,1,3,0,1,1,2,1,1,1,0,0,1,1,4,1,1,1,,,,,
5046940021,0,1,4,0,0,0,0,0,0,0,2,1,0,0,0,0,1,0,,,,,
5047210074,5,0,5,1,3,0,0,0,3,1,5,1,2,1,1,1,2,0,,,,,
5046890015,5,0,5,1,4,1,3,1,0,0,3,1,5,0,5,0,4,1,,,,,
5046930011,2,0,1,1,2,1,3,0,2,1,0,1,3,0,5,1,4,1,,,,,
5046790042,2,1,1,0,3,1,0,0,5,0,0,1,4,1,2,0,1,0,,,,,
5047930035,3,0,4,1,1,0,1,0,2,1,4,1,4,0,1,0,1,1,,,,,
5046820019,3,0,3,0,3,0,3,1,0,0,0,1,1,1,2,0,4,0,,,,,
5047920204,0,1,1,0,1,0,2,1,1,0,2,1,4,1,5,0,2,1,,,,,
5046950006,4,0,5,0,1,1,2,0,2,1,4,0,5,0,3,1,1,1,,,,,
5046720017,1,1,1,0,3,0,5,0,1,1,1,1,5,0,5,1,1,1,,,,,
5046840006,3,1,2,1,4,1,0,0,0,0,3,1,0,0,1,0,3,1,,,,,
5046780033,1,0,1,1,2,1,1,0,0,0,2,0,5,0,5,1,1,0,,,,,
5047180010,5,1,4,0,3,0,5,0,5,1,2,1,0,1,4,1,2,1,,,,,
5046950013,2,1,0,0,2,0,4,1,5,1,5,1,3,0,5,1,4,0,,,,,
5046930028,1,1,1,1,5,0,3,0,3,1,5,1,2,0,2,0,2,0,,,,,
5046780031,3,1,1,0,3,0,2,0,2,1,2,0,2,1,2,0,2,1,,,,,
5046830030,0,1,1,1,4,0,2,1,5,0,5,1,3,0,2,1,2,0,,,,,
5047620001,5,0,3,1,0,0,1,1,2,0,0,1,4,0,5,1,0,0,,,,,
5047670065,4,0,2,1,0,1,0,0,3,1,1,0,0,1,4,0,5,0,,,,,
5047460001,3,0,3,0,0,1,4,1,2,1,0,0,5,0,3,1,3,1,,,,,
5047210045,4,0,1,0,0,0,4,0,1,0,0,1,3,1,3,1,2,0,,,,,
5046900038,5,0,4,1,4,1,2,0,4,1,0,0,3,0,3,1,1,0,,,,,
5047540058,2,0,4,1,0,1,2,0,2,1,1,1,0,1,1,0,1,1,,,,,
5047460070,0,1,2,1,1,0,4,0,0,0,2,0,5,0,3,0,2,0,,,,,
5047230009,5,0,4,1,5,1,2,0,2,1,4,1,5,0,2,0,0,1,,,,,
5041600016,1,0,3,0,4,1,4,1,1,1,0,1,2,1,4,1,1,1,,,,,
5047540051,5,0,4,1,2,1,3,0,2,1,3,0,4,0,3,1,5,0,,,,,
5047460093,2,1,1,0,5,1,1,0,4,1,3,1,0,1,0,1,4,1,,,,,
5047460040,1,0,0,1,0,0,4,0,0,0,1,0,5,1,5,1,0,0,,,,,
5047200008,5,0,0,1,2,0,4,0,5,1,5,0,0,1,0,1,2,0,,,,,
5047230002,1,0,0,1,3,0,0,1,1,1,1,1,4,1,0,1,0,0,,,,,
5046790037,5,1,3,0,3,0,1,0,4,1,0,0,5,0,1,1,1,0,,,,,
5046790038,2,1,1,0,1,1,0,0,5,0,1,0,4,1,4,0,0,1,,,,,
5047390020,2,0,4,0,1,0,2,0,5,1,5,0,0,1,0,0,2,1,,,,,
5047910056,3,0,2,1,0,1,1,0,2,0,3,0,4,1,4,0,4,1,,,,,
5046900040,2,1,4,0,0,1,5,1,3,1,3,0,1,1,1,0,1,0,,,,,
5047810017,3,1,3,0,5,1,5,0,1,1,1,1,4,1,1,0,4,0,,,,,
5047810003,4,1,4,1,1,1,2,0,2,1,3,0,2,1,2,1,1,1,,,,,
5046890025,1,0,5,1,3,0,0,0,4,0,3,0,0,0,3,1,5,1,,,,,
5046900125,4,1,5,0,5,1,3,0,1,1,3,0,4,0,5,0,1,0,,,,,
5046950103,1,0,5,0,3,0,5,1,1,1,4,0,3,0,0,1,4,1,,,,,
5046830035,2,1,2,1,4,1,3,1,5,1,3,1,3,1,0,0,3,0,,,,,
5046880007,4,1,4,0,0,1,1,1,1,1,5,1,1,0,2,1,3,1,,,,,
5046910001,3,0,5,1,0,1,2,0,3,1,4,1,1,0,0,1,2,1,,,,,
5046910025,4,1,2,1,3,1,1,0,5,1,2,0,3,1,3,1,2,0,,,,,
5047920015,1,1,2,0,5,0,2,1,0,0,2,0,5,1,3,1,2,0,,,,,
5047670063,0,1,0,0,2,1,2,0,3,1,3,1,2,0,2,0,4,1,,,,,
5047910089,1,1,0,0,4,1,2,0,5,1,2,1,2,1,3,0,1,1,,,,,
5047930112,5,1,1,0,5,1,4,0,2,1,2,1,2,1,0,1,3,1,,,,,
5046950023,4,0,1,0,4,1,0,0,4,0,1,1,0,1,3,1,1,0,,,,,
5046820016,1,1,4,0,0,1,1,0,1,0,3,1,1,1,4,0,1,1,,,,,
5046910038,5,1,5,0,0,0,1,1,1,1,5,1,5,1,2,0,4,1,,,,,
5047680070,1,0,5,1,5,0,1,1,4,0,4,0,0,0,4,0,3,1,,,,,
5047810047,4,1,0,0,2,0,5,0,4,0,5,0,2,1,5,0,3,1,,,,,
5046900029,4,1,3,0,1,0,0,0,0,0,3,0,3,1,1,0,3,0,,,,,
5047720001,2,1,1,0,0,0,4,0,0,1,5,1,1,0,5,0,2,0,,,,,
5047920102,4,1,3,1,3,1,0,0,1,0,5,0,1,0,4,0,4,1,,,,,
5047460018,2,0,5,0,4,1,1,1,5,1,4,1,3,0,2,1,5,0,,,,,
5046730007,5,1,2,0,2,0,3,1,0,1,1,1,3,1,4,1,5,1,,,,,
5047920001,2,0,0,0,4,1,4,1,5,0,0,1,0,0,3,1,3,0,,,,,
5046900120,0,1,4,0,5,0,3,1,2,0,4,0,3,0,3,1,2,0,,,,,
5046740023,1,0,5,0,1,0,3,1,3,0,1,1,3,1,1,0,1,0,,,,,
5047460021,1,1,3,1,1,0,0,0,3,1,2,0,0,0,3,0,0,1,,,,,
5046730017,5,1,3,0,2,1,3,1,3,1,2,1,3,0,1,1,2,0,,,,,
5046720016,4,0,5,1,5,0,4,0,4,1,2,1,4,1,0,1,0,1,,,,,
5047240050,4,0,2,1,1,1,3,0,3,0,4,0,3,0,4,1,5,1,,,,,
5047250017,4,0,3,0,4,1,3,0,2,0,4,0,0,1,3,0,3,1,,,,,
5047240031,2,0,0,1,1,0,4,0,5,1,2,1,4,0,1,0,5,0,,,,,
5047250031,5,1,0,0,1,0,4,0,0,1,3,1,4,1,4,0,3,1,,,,,
5047210069,4,1,2,0,3,1,1,0,2,1,5,0,3,1,0,0,1,0,,,,,
5046730022,2,1,0,0,5,0,5,0,0,0,4,1,5,0,0,1,1,0,,,,,
5047910057,4,0,5,0,3,1,5,0,1,1,3,1,0,1,5,0,2,1,,,,,
5041600051,0,0,1,1,3,1,5,0,1,0,1,0,0,1,0,0,1,0,,,,,
5047810011,3,0,1,1,3,0,3,1,3,0,0,1,4,1,3,1,0,0,,,,,
5047810002,4,1,5,0,5,0,0,0,5,1,4,0,4,0,0,1,3,1,,,,,
5047920029,0,0,2,1,3,1,0,1,1,1,3,1,0,1,5,1,5,1,,,,,
5047210060,0,0,5,0,1,1,0,0,0,1,2,1,4,1,3,1,4,1,,,,,
5047230048,4,0,0,0,3,0,4,0,4,1,4,0,3,1,5,1,2,1,,,,,
5047230043,5,1,3,1,0,1,2,1,4,0,1,1,3,1,5,0,1,1,,,,,
5041600339,1,0,5,1,2,1,0,1,3,1,4,1,0,0,4,0,0,1,,,,,
5046740008,1,1,4,0,2,0,4,1,4,0,3,1,4,0,2,0,4,1,,,,,
5046890021,3,0,3,1,1,1,4,1,5,1,5,1,4,1,2,0,5,0,,,,,
5047210015,1,1,3,0,4,0,4,1,4,1,4,1,0,0,1,0,5,0,,,,,
5047810024,3,0,4,1,0,0,1,0,4,0,0,0,2,1,2,0,4,1,,,,,
5046690021,1,0,5,1,2,1,0,0,0,0,1,1,0,0,4,1,0,1,,,,,
5047390003,5,1,0,1,4,1,2,0,3,0,5,1,0,0,4,1,1,0,,,,,
5047460083,5,1,0,0,2,0,3,1,3,0,5,0,1,1,4,1,1,0,,,,,
5047460017,4,1,5,0,3,0,3,0,3,1,4,1,0,1,3,1,1,0,,,,,
5047680089,3,1,2,0,1,1,3,1,1,0,0,1,0,0,4,0,1,1,,,,,
5047370009,4,1,3,0,3,0,3,1,2,1,2,0,3,1,4,0,2,0,,,,,
5047370018,0,0,5,1,1,0,4,1,0,0,3,0,4,1,4,0,1,1,,,,,
5046860004,1,0,3,1,4,1,3,0,3,1,0,1,2,0,1,0,2,1,,,,,
5047810009,2,0,0,0,0,0,2,1,1,1,3,0,4,1,3,1,5,1,,,,,
5046720029,0,1,3,0,5,0,0,0,3,0,1,1,2,0,2,0,3,0,,,,,
5047400046,4,1,5,1,4,1,3,0,1,1,0,0,2,1,1,0,2,0,,,,,
5047400037,3,0,2,0,3,1,5,1,4,1,0,1,4,0,2,0,2,1,,,,,
5047920024,0,1,4,0,4,1,3,1,0,0,4,1,5,1,2,0,0,0,,,,,
5047210070,3,0,1,0,5,0,1,0,1,0,2,1,5,0,2,1,3,0,,,,,
5047680051,5,1,5,1,4,0,0,1,0,0,1,1,4,1,1,0,2,1,,,,,
5046890005,3,0,0,0,3,1,1,1,2,1,1,1,4,1,0,1,1,1,,,,,
5047680050,2,0,1,1,5,0,4,1,4,1,4,0,3,0,0,1,1,0,,,,,
5048030110,1,0,5,1,1,1,0,1,3,0,2,1,5,1,4,0,2,0,,,,,
5048030022,0,1,2,0,5,0,2,1,2,1,2,1,4,1,3,0,5,1,,,,,
5047170065,3,0,5,0,0,1,4,0,3,1,3,0,0,0,4,1,2,1,,,,,
5046890006,0,0,0,0,1,0,4,1,2,0,2,0,0,0,1,0,1,0,,,,,
5047540076,2,0,4,1,5,0,2,1,4,0,2,0,5,1,3,1,2,1,,,,,
5047540025,4,1,0,0,1,1,2,0,1,0,0,0,2,1,2,0,0,1,,,,,
5047620180,2,0,0,1,4,0,0,1,1,0,3,0,5,1,5,0,1,0,,,,,
5047540039,2,1,3,1,3,1,4,0,3,1,1,0,3,1,2,0,5,1,,,,,
5047540057,1,0,5,0,5,0,0,0,2,0,1,1,3,0,2,0,1,0,,,,,
5046680026,2,1,3,0,3,1,5,1,1,0,3,1,0,1,0,0,4,1,,,,,
5046720030,2,0,4,1,0,0,1,0,4,1,3,0,4,1,4,0,0,0,,,,,
5047810030,0,1,3,0,0,0,1,0,4,0,5,1,2,1,1,1,2,1,,,,,
5046810010,0,1,2,0,2,0,3,1,5,0,1,1,5,0,1,0,4,1,,,,,
5046690001,1,0,3,0,2,0,3,1,2,1,3,0,0,0,5,1,4,1,,,,,
5046730020,2,1,1,0,2,1,2,0,2,1,5,0,2,1,4,1,4,0,,,,,
5047810007,3,0,0,1,0,1,5,1,2,1,1,1,2,0,1,0,4,1,,,,,
5047620105,4,1,0,0,1,0,2,0,5,1,1,1,4,0,2,1,2,0,,,,,
5047190038,3,0,2,1,3,0,2,0,2,1,3,0,4,0,0,0,5,0,,,,,
5047760180,2,1,1,0,4,1,2,0,4,1,0,0,3,0,4,0,3,0,,,,,
5046760051,1,0,4,0,4,0,4,0,4,0,0,1,0,1,0,1,5,1,,,,,
5046820011,5,1,0,1,2,0,2,0,0,0,2,0,5,0,2,1,2,1,,,,,
5047240016,4,0,1,1,3,1,3,1,1,1,2,1,1,1,3,1,5,0,,,,,
5047810033,3,0,2,1,4,0,2,0,3,1,3,0,5,0,1,0,5,1,,,,,
5047210071,0,1,0,0,2,0,4,0,4,1,5,0,2,1,4,1,0,0,,,,,
5046690032,1,0,2,0,1,1,0,1,2,0,0,1,3,1,4,0,5,0,,,,,
5046830032,1,1,5,0,3,0,3,0,0,1,2,0,4,1,1,0,0,0,,,,,
5047580001,5,0,3,1,3,1,2,0,0,0,0,1,1,0,1,1,3,1,,,,,
5047580100,1,1,1,0,2,0,0,0,0,0,1,1,0,1,2,1,5,1,,,,,
5046940013,3,1,5,0,0,0,2,0,4,1,5,0,5,1,3,1,4,1,,,,,
5046870028,0,0,1,0,1,0,5,0,3,0,2,0,2,1,5,1,5,0,,,,,
5047260048,0,0,2,1,3,1,4,0,0,1,2,1,4,1,0,0,1,0,,,,,
5046780001,4,1,4,1,0,0,2,0,4,0,1,1,0,1,4,0,2,1,,,,,
5046930022,4,1,4,1,5,1,0,0,1,1,1,0,0,1,1,1,5,1,,,,,
5046800020,3,1,0,1,2,1,5,1,1,1,3,1,0,1,3,1,4,1,,,,,
5047880375,5,0,1,1,4,1,3,0,1,0,5,1,5,0,0,1,3,1,,,,,
5047210065,4,0,4,0,2,1,5,1,3,0,5,1,1,1,2,0,0,1,,,,,
5046890028,2,1,3,1,2,0,1,1,3,1,0,1,1,0,3,0,4,0,,,,,
5046950110,4,0,1,0,5,1,5,0,2,0,5,1,5,1,0,1,2,1,,,,,
5046790003,0,0,3,0,0,0,1,0,3,1,1,1,3,0,4,1,1,1,,,,,
5047920035,0,1,3,1,2,0,5,0,2,0,1,0,5,0,2,0,0,1,,,,,
5047240032,3,0,3,1,2,1,1,0,1,1,2,0,5,0,3,0,5,1,,,,,
5040300012,3,1,3,1,3,0,3,0,3,0,3,1,3,0,5,1,2,0,,,,,
5040290026,2,0,1,0,4,1,1,0,5,0,2,1,2,0,5,0,0,1,,,,,
5048020023,1,0,5,0,1,0,3,1,1,1,2,1,3,0,3,1,2,1,,,,,
5047460102,3,1,4,0,3,0,2,0,1,1,0,0,1,1,5,1,5,0,,,,,
5047180068,1,0,2,0,5,0,3,0,5,1,4,0,3,1,3,1,4,1,,,,,
5048020019,3,1,3,1,3,0,5,0,1,0,2,1,3,1,3,0,0,1,,,,,
5047620025,0,0,3,1,4,1,0,1,1,0,3,1,0,0,2,1,5,1,,,,,
5041600052,1,0,2,0,2,0,4,0,2,0,5,0,2,1,4,1,4,0,,,,,
5046690039,5,0,1,0,3,0,3,0,2,0,0,1,2,0,4,1,4,0,,,,,
5047670035,0,1,0,1,3,1,4,0,2,0,5,0,0,0,2,0,2,0,,,,,
5047220046,2,0,2,1,2,1,2,0,0,1,3,1,4,0,5,1,3,1,,,,,
5047230037,2,0,2,0,5,0,3,0,5,1,2,0,5,1,2,1,0,1,,,,,
5041600325,1,1,5,0,1,1,1,1,3,1,5,0,4,0,0,0,3,0,,,,,
5047200016,4,1,5,0,2,1,2,1,3,1,5,1,2,0,1,0,5,0,,,,,
5047180050,4,0,2,0,0,1,2,0,5,0,4,1,1,0,0,0,4,0,,,,,
5047180052,4,1,3,0,3,0,0,0,3,0,1,0,2,1,3,0,0,0,,,,,
5047910053,0,1,1,0,2,0,5,0,4,0,1,0,3,1,5,0,1,1,,,,,
5047240060,4,1,1,0,2,1,3,1,0,0,4,1,0,1,5,0,0,1,,,,,
5046750008,1,0,4,1,4,0,4,0,2,0,2,1,0,0,5,0,0,1,,,,,
5047930126,5,0,4,1,1,0,0,0,4,0,0,1,0,0,0,1,4,1,,,,,
5041600327,0,1,2,1,2,1,1,0,5,0,0,0,5,0,1,1,4,0,,,,,
5041600029,3,1,4,0,3,0,4,0,1,1,4,0,4,1,2,0,5,1,,,,,
5047390001,4,1,5,1,2,1,0,1,5,0,3,1,4,0,0,1,4,0,,,,,
5040290029,4,0,0,1,3,0,4,0,4,1,3,1,5,0,4,1,3,0,,,,,
5047910085,3,0,5,0,4,0,1,0,1,1,4,1,3,1,2,1,2,1,,,,,
5040300001,0,0,5,0,3,1,0,0,1,0,2,1,1,0,5,0,4,0,,,,,
5040290018,4,0,2,0,4,1,1,1,3,1,1,0,5,0,4,1,2,1,,,,,
5046730042,4,1,1,0,0,0,4,0,2,1,5,1,3,1,0,1,0,1,,,,,
5046740029,1,1,0,1,1,0,1,1,3,0,4,0,1,1,2,1,2,0,,,,,
5040290009,1,0,3,1,2,1,2,1,5,1,2,1,2,0,4,1,0,1,,,,,
5047680052,0,1,2,0,2,0,2,0,2,1,4,1,2,1,5,1,4,0,,,,,
5046910030,2,1,1,0,3,1,2,1,5,0,3,1,3,0,0,1,3,1,,,,,
5046740027,0,1,4,0,1,1,0,1,3,1,3,0,0,0,1,0,2,1,,,,,
5047220062,1,1,4,1,4,0,2,1,2,1,5,0,1,0,1,0,4,0,,,,,
5040300017,5,1,2,1,4,0,1,1,0,1,2,0,1,1,2,1,1,0,,,,,
5040300027,4,0,1,0,1,0,1,0,0,0,5,1,2,0,4,0,2,0,,,,,
5046750036,4,0,4,0,3,1,5,1,3,0,3,0,2,0,5,0,5,1,,,,,
5046790024,3,1,4,1,0,1,3,1,2,1,3,0,4,1,2,0,2,0,,,,,
5047760360,0,0,1,0,0,0,5,0,0,1,1,0,0,0,2,1,5,0,,,,,
5048030026,4,0,0,0,4,1,4,1,4,1,1,1,1,1,2,1,0,1,,,,,
5047910058,3,0,1,0,4,1,5,0,5,0,0,0,4,0,2,1,4,0,,,,,
5046800045,2,1,3,0,5,1,3,0,4,1,2,0,4,0,0,0,2,1,,,,,
5047400014,2,0,4,0,2,0,4,0,2,1,3,1,1,1,1,0,2,0,,,,,
5047180008,2,1,1,1,2,1,1,1,3,1,1,0,1,1,2,1,2,0,,,,,
5047670007,2,0,4,0,1,0,4,1,1,0,0,0,1,0,1,1,0,1,,,,,
5047670039,0,0,0,0,5,0,3,0,2,0,0,0,5,1,3,1,5,0,,,,,
5041600359,5,1,3,1,5,1,4,0,4,1,4,0,2,0,3,1,5,1,,,,,
5046870020,1,1,1,0,0,1,1,0,5,0,4,1,1,1,0,1,5,0,,,,,
5047540061,1,0,5,1,0,0,5,0,1,1,1,1,0,0,0,0,4,0,,,,,
5046900116,3,1,0,0,2,0,4,1,3,0,2,1,1,1,4,0,1,0,,,,,
5046760043,2,0,2,1,4,1,3,0,5,1,4,0,0,1,2,1,4,0,,,,,
5047280048,5,0,2,0,2,0,4,1,4,1,1,0,3,0,1,1,5,1,,,,,
5047460096,5,1,3,0,1,0,0,1,2,1,5,1,4,0,4,1,1,0,,,,,
5047180045,3,0,5,1,0,0,0,1,4,0,5,1,2,1,5,0,2,1,,,,,
5046910040,5,1,0,1,4,1,3,1,3,1,2,0,4,1,4,1,1,0,,,,,
5046940011,1,0,0,1,4,0,3,1,2,1,4,0,1,0,0,0,0,1,,,,,
5047460077,2,1,1,0,3,1,0,0,5,1,1,0,2,0,3,1,3,1,,,,,
5047220065,1,1,4,1,0,1,1,0,5,0,3,1,2,0,2,0,4,1,,,,,
5047920132,4,1,4,1,0,1,4,1,1,0,0,1,1,0,3,1,1,0,,,,,
5046950033,3,1,2,0,5,0,4,1,3,0,1,1,3,1,3,0,1,1,,,,,
5046800039,0,0,1,1,0,1,2,1,0,0,3,0,5,0,3,0,5,1,,,,,
5046760019,0,0,0,1,5,1,3,0,2,0,5,1,2,1,3,0,2,0,,,,,
5047230012,3,1,1,1,1,1,3,0,5,0,0,0,5,1,0,1,5,1,,,,,
5047400021,3,1,0,0,2,1,3,0,4,0,1,1,2,0,5,1,0,1,,,,,
5046760068,1,1,2,1,0,1,0,1,1,1,2,1,1,0,2,1,0,0,,,,,
5047220059,2,0,2,1,1,1,5,0,3,1,4,1,3,0,3,0,2,0,,,,,
5046800036,1,0,0,1,0,1,4,1,2,1,3,0,0,1,2,0,2,0,,,,,
5046890013,0,0,2,1,0,0,2,1,2,1,5,1,3,1,4,0,2,1,,,,,
5046900119,5,0,4,0,1,1,1,0,0,1,4,1,3,1,3,1,0,1,,,,,
5046830017,4,0,4,0,1,0,5,1,0,1,3,0,4,0,1,0,0,1,,,,,
5046840034,1,0,0,1,1,1,4,1,5,1,5,1,2,1,3,1,2,1,,,,,
5046830012,5,0,4,0,3,1,2,1,5,0,1,1,4,1,3,0,4,1,,,,,
5047180048,5,0,4,1,2,0,0,0,1,0,5,0,0,1,5,0,1,1,,,,,
5046860020,3,0,1,0,4,1,3,0,4,0,5,1,0,1,2,0,4,1,,,,,
5046890002,0,0,3,0,5,1,2,1,2,0,3,1,1,1,2,1,3,0,,,,,
5047920076,1,0,4,0,5,1,1,1,3,0,3,0,1,1,2,0,5,1,,,,,
5047220048,0,0,2,1,0,0,5,0,4,1,0,0,1,0,1,0,3,0,,,,,
5046810022,0,0,2,1,1,0,5,1,2,1,4,0,0,1,5,0,4,1,,,,,
5046900031,4,1,2,1,3,1,5,0,1,1,4,0,2,0,0,1,2,1,,,,,
5046890024,1,1,4,0,2,1,4,0,1,0,1,1,3,1,2,0,1,1,,,,,
5046820001,4,0,1,1,2,1,3,0,3,1,1,1,0,1,1,1,1,1,,,,,
5047910090,2,1,1,1,1,1,5,0,0,1,3,0,4,0,3,0,3,0,,,,,
5046730018,2,1,5,1,3,0,2,1,1,0,5,0,5,0,1,0,3,1,,,,,
5046690017,2,0,4,1,0,1,1,1,1,1,5,1,3,0,5,0,4,0,,,,,
5046760041,2,1,0,0,0,1,2,1,1,0,2,0,2,1,3,1,3,0,,,,,
5046750034,3,0,4,0,1,0,1,1,5,0,5,1,4,0,3,1,2,1,,,,,
5047460071,5,1,5,1,1,0,4,0,1,0,1,1,4,0,0,0,4,0,,,,,
5041600023,4,0,2,0,1,1,1,0,3,1,3,1,5,1,4,1,1,0,,,,,
5048020022,4,1,3,0,0,1,3,1,5,1,4,0,4,0,3,1,1,0,,,,,
5046760001,1,0,0,1,1,0,4,0,1,0,3,0,2,0,1,1,5,0,,,,,
5047590013,2,1,5,1,4,0,1,0,1,1,3,1,3,0,4,0,0,0,,,,,
5041600355,3,0,2,0,5,1,1,1,5,1,3,1,0,1,4,1,2,0,,,,,
5048030018,2,0,4,1,1,1,0,1,4,1,3,1,4,1,4,1,2,1,,,,,
5041600341,1,0,5,0,4,1,2,0,0,1,3,0,4,1,3,0,2,0,,,,,
5046740041,2,0,2,0,4,1,0,0,4,1,5,1,5,0,3,0,5,1,,,,,
5047930114,4,0,1,1,1,0,4,0,2,1,3,0,1,0,3,1,1,1,,,,,
5047540050,5,0,0,1,5,0,5,1,1,0,1,0,2,0,1,1,5,0,,,,,
5047460085,5,1,0,1,0,0,1,1,0,0,3,1,3,1,5,1,1,1,,,,,
5047460025,0,0,5,0,3,0,3,0,0,0,2,0,3,1,5,0,4,1,,,,,
5047760090,2,0,3,0,1,1,3,0,1,0,1,0,2,1,3,0,1,0,,,,,
5047280024,3,0,2,1,2,0,0,1,0,0,1,0,1,0,0,1,1,0,,,,,